{"type": "FeatureCollection", "metadata": {"source": "PeeringDB facilities (user export)", "count": 1605}, "features": [{"type": "Feature", "properties": {"name": "Equinix DC1-DC15,DC21-DC22 - Ashburn", "operator": "Equinix, Inc.", "city": "Ashburn", "state": "VA", "networks": 513}, "geometry": {"type": "Point", "coordinates": [-77.459023, 39.016363]}}, {"type": "Feature", "properties": {"name": "Digital Realty SFO (200 Paul)", "operator": "Digital Realty", "city": "San Francisco", "state": "CA", "networks": 44}, "geometry": {"type": "Point", "coordinates": [-122.397923, 37.723407]}}, {"type": "Feature", "properties": {"name": "Equinix DA1 - Dallas", "operator": "Equinix, Inc.", "city": "Dallas", "state": "TX", "networks": 168}, "geometry": {"type": "Point", "coordinates": [-96.81955, 32.800955]}}, {"type": "Feature", "properties": {"name": "Equinix SV8 - Silicon Valley, Palo Alto", "operator": "Equinix, Inc.", "city": "Palo Alto", "state": "CA", "networks": 66}, "geometry": {"type": "Point", "coordinates": [-122.160775, 37.445896]}}, {"type": "Feature", "properties": {"name": "Equinix SV1/SV5/SV10 - Silicon Valley, San Jose", "operator": "Equinix, Inc.", "city": "San Jose", "state": "CA", "networks": 283}, "geometry": {"type": "Point", "coordinates": [-121.782967, 37.241767]}}, {"type": "Feature", "properties": {"name": "Equinix CH1/CH2/CH4 - Chicago", "operator": "Equinix, Inc.", "city": "Chicago", "state": "IL", "networks": 330}, "geometry": {"type": "Point", "coordinates": [-87.618342, 41.85365]}}, {"type": "Feature", "properties": {"name": "Equinix LA1 - Los Angeles", "operator": "Equinix, Inc.", "city": "Los Angeles", "state": "CA", "networks": 138}, "geometry": {"type": "Point", "coordinates": [-118.2573, 34.047501]}}, {"type": "Feature", "properties": {"name": "Equinix NY1 - New York, Newark", "operator": "Equinix, Inc.", "city": "Newark", "state": "NJ", "networks": 38}, "geometry": {"type": "Point", "coordinates": [-74.173402, 40.736844]}}, {"type": "Feature", "properties": {"name": "Digital Realty NYC (60 Hudson)", "operator": "Digital Realty", "city": "New York", "state": "NY", "networks": 161}, "geometry": {"type": "Point", "coordinates": [-74.008299, 40.717723]}}, {"type": "Feature", "properties": {"name": "Equinix AT2/AT3 - Atlanta", "operator": "Equinix, Inc.", "city": "Atlanta", "state": "GA", "networks": 23}, "geometry": {"type": "Point", "coordinates": [-84.39153, 33.755456]}}, {"type": "Feature", "properties": {"name": "Equinix TR1 - Toronto", "operator": "Equinix, Inc.", "city": "Toronto", "state": "ON", "networks": 46}, "geometry": {"type": "Point", "coordinates": [-79.384128, 43.644672]}}, {"type": "Feature", "properties": {"name": "Equinix MI1 - Miami, NOTA", "operator": "Equinix, Inc.", "city": "Miami", "state": "FL", "networks": 327}, "geometry": {"type": "Point", "coordinates": [-80.193157, 25.782648]}}, {"type": "Feature", "properties": {"name": "Digital Realty NYC (111 8th Ave)", "operator": "Digital Realty", "city": "New York", "state": "NY", "networks": 131}, "geometry": {"type": "Point", "coordinates": [-74.003387, 40.741469]}}, {"type": "Feature", "properties": {"name": "CoreSite - Los Angeles (LA1) One Wilshire", "operator": "CoreSite", "city": "Los Angeles", "state": "CA", "networks": 336}, "geometry": {"type": "Point", "coordinates": [-118.255564, 34.047942]}}, {"type": "Feature", "properties": {"name": "CoreSite - San Jose (SV1)", "operator": "CoreSite", "city": "San Jose", "state": "CA", "networks": 55}, "geometry": {"type": "Point", "coordinates": [-121.891649, 37.334147]}}, {"type": "Feature", "properties": {"name": "FedConnect San Francisco", "operator": "60 Fed LLC", "city": "San Francisco", "state": "CA", "networks": 0}, "geometry": {"type": "Point", "coordinates": [-122.392048, 37.783322]}}, {"type": "Feature", "properties": {"name": "JMA NAC Los Angeles", "operator": "JMA Wired", "city": "Los Angeles", "state": "CA", "networks": 0}, "geometry": {"type": "Point", "coordinates": [-118.255186, 34.048428]}}, {"type": "Feature", "properties": {"name": "Digital Realty SFO (365 Main)", "operator": "Digital Realty", "city": "San Francisco", "state": "CA", "networks": 35}, "geometry": {"type": "Point", "coordinates": [-122.390509, 37.788669]}}, {"type": "Feature", "properties": {"name": "The Mission Street Center", "operator": "UnitedLayer LLC", "city": "San Francisco", "state": "CA", "networks": 0}, "geometry": {"type": "Point", "coordinates": [-122.408954, 37.780351]}}, {"type": "Feature", "properties": {"name": "SVTIX San Jose", "operator": "SVTIX San Jose", "city": "San Jose", "state": "CA", "networks": 3}, "geometry": {"type": "Point", "coordinates": [-121.904828, 37.333765]}}, {"type": "Feature", "properties": {"name": "Equinix NY2/NY4/NY5/NY6 - New York, Secaucus", "operator": "Equinix, Inc.", "city": "Secaucus", "state": "NJ", "networks": 128}, "geometry": {"type": "Point", "coordinates": [-74.072237, 40.778534]}}, {"type": "Feature", "properties": {"name": "Equinix NY9 - New York, 111 8th Avenue", "operator": "Equinix, Inc.", "city": "New York", "state": "NY", "networks": 79}, "geometry": {"type": "Point", "coordinates": [-74.003387, 40.741469]}}, {"type": "Feature", "properties": {"name": "Equinix DA3 - Dallas", "operator": "Equinix, Inc.", "city": "Dallas", "state": "TX", "networks": 103}, "geometry": {"type": "Point", "coordinates": [-96.81955, 32.800955]}}, {"type": "Feature", "properties": {"name": "Digital Realty Seattle SEA10", "operator": "Digital Realty", "city": "Seattle", "state": "WA", "networks": 232}, "geometry": {"type": "Point", "coordinates": [-122.338883, 47.614347]}}, {"type": "Feature", "properties": {"name": "KDWEB San Jose", "operator": "KDWEB", "city": "San Jose", "state": "CA", "networks": 0}, "geometry": {"type": "Point", "coordinates": [-121.889302, 37.333885]}}, {"type": "Feature", "properties": {"name": "Equinix SV17 - Silicon Valley, Santa Clara", "operator": "Equinix, Inc.", "city": "Santa Clara", "state": "CA", "networks": 6}, "geometry": {"type": "Point", "coordinates": [-121.988591, 37.376348]}}, {"type": "Feature", "properties": {"name": "Equinix SE2/SE3 - Seattle", "operator": "Equinix, Inc.", "city": "Seattle", "state": "WA", "networks": 112}, "geometry": {"type": "Point", "coordinates": [-122.338864, 47.614358]}}, {"type": "Feature", "properties": {"name": "Equinix DC7 - Ashburn, Vienna", "operator": "Equinix, Inc.", "city": "Vienna", "state": "VA", "networks": 8}, "geometry": {"type": "Point", "coordinates": [-77.219692, 38.908422]}}, {"type": "Feature", "properties": {"name": "Equinix LA2 - Los Angeles", "operator": "Equinix, Inc.", "city": "Los Angeles", "state": "CA", "networks": 14}, "geometry": {"type": "Point", "coordinates": [-118.259585, 34.048897]}}, {"type": "Feature", "properties": {"name": "Digital Realty NYC (32 AofA)", "operator": "Digital Realty", "city": "New York", "state": "NY", "networks": 40}, "geometry": {"type": "Point", "coordinates": [-74.004561, 40.72]}}, {"type": "Feature", "properties": {"name": "Digital Realty ATL13 - Atlanta", "operator": "Digital Realty", "city": "Atlanta", "state": "GA", "networks": 189}, "geometry": {"type": "Point", "coordinates": [-84.39153, 33.755456]}}, {"type": "Feature", "properties": {"name": "Equinix DC8 - Ashburn, Vienna", "operator": "Equinix, Inc.", "city": "Vienna", "state": "VA", "networks": 7}, "geometry": {"type": "Point", "coordinates": [-77.238951, 38.931419]}}, {"type": "Feature", "properties": {"name": "Equinix PH1 - Philadelphia", "operator": "Equinix, Inc.", "city": "Philadelphia", "state": "PA", "networks": 24}, "geometry": {"type": "Point", "coordinates": [-75.161377, 39.959668]}}, {"type": "Feature", "properties": {"name": "Evocative San Jose (SV7)", "operator": "VPLS", "city": "San Jose", "state": "CA", "networks": 7}, "geometry": {"type": "Point", "coordinates": [-121.910133, 37.338431]}}, {"type": "Feature", "properties": {"name": "iM Critical Miami", "operator": "iM Critical", "city": "Miami", "state": "FL", "networks": 17}, "geometry": {"type": "Point", "coordinates": [-80.194926, 25.848356]}}, {"type": "Feature", "properties": {"name": "Harbour Centre Vancouver", "operator": "Polaris Realty", "city": "Vancouver", "state": "BC", "networks": 62}, "geometry": {"type": "Point", "coordinates": [-123.111935, 49.284697]}}, {"type": "Feature", "properties": {"name": "Digital Realty PHX10 (120 E Van Buren)", "operator": "Digital Realty", "city": "Phoenix", "state": "AZ", "networks": 34}, "geometry": {"type": "Point", "coordinates": [-112.072042, 33.452003]}}, {"type": "Feature", "properties": {"name": "Level(3) Sunnyvale", "operator": "Lumen Technologies Inc", "city": "Sunnyvale", "state": "CA", "networks": 8}, "geometry": {"type": "Point", "coordinates": [-121.98778, 37.373412]}}, {"type": "Feature", "properties": {"name": "Printer's Square Chicago (600 S Federal)", "operator": "Printer's Square", "city": "Chicago", "state": "IL", "networks": 3}, "geometry": {"type": "Point", "coordinates": [-87.629928, 41.874302]}}, {"type": "Feature", "properties": {"name": "Netrality - Indy Telcom Center - 733 W. Henry", "operator": "Netrality Data Centers", "city": "Indianapolis", "state": "IN", "networks": 41}, "geometry": {"type": "Point", "coordinates": [-86.172275, 39.75988]}}, {"type": "Feature", "properties": {"name": "FiberNet Telecom Group - 60 Hudson St", "operator": "FiberNet Telecom Group", "city": "New York", "state": "NY", "networks": 6}, "geometry": {"type": "Point", "coordinates": [-74.008333, 40.717664]}}, {"type": "Feature", "properties": {"name": "FiberNet Telecom Group New York (111 Eighth Ave)", "operator": "FiberNet Telecom Group", "city": "New York", "state": "NY", "networks": 1}, "geometry": {"type": "Point", "coordinates": [-74.003203, 40.741355]}}, {"type": "Feature", "properties": {"name": "Level(3) Weehawken", "operator": "Lumen Technologies Inc", "city": "Weehawken", "state": "NJ", "networks": 2}, "geometry": {"type": "Point", "coordinates": [-74.025031, 40.761825]}}, {"type": "Feature", "properties": {"name": "Markley Group One Summer Street Boston", "operator": "Markley Group, LLC", "city": "Boston", "state": "MA", "networks": 81}, "geometry": {"type": "Point", "coordinates": [-71.060266, 42.354692]}}, {"type": "Feature", "properties": {"name": "Peace Communications KNX1", "operator": "Peace Communications (Formerly Nexus Group)", "city": "Knoxville", "state": "TN", "networks": 5}, "geometry": {"type": "Point", "coordinates": [-83.921438, 35.965586]}}, {"type": "Feature", "properties": {"name": "Looking Glass Networks NYC Node", "operator": "Looking Glass Networks", "city": "New York", "state": "NY", "networks": 0}, "geometry": {"type": "Point", "coordinates": [-74.00536, 40.726019]}}, {"type": "Feature", "properties": {"name": "Level(3) Atlanta (Courtland)", "operator": "Lumen Technologies Inc", "city": "Atlanta", "state": "GA", "networks": 3}, "geometry": {"type": "Point", "coordinates": [-84.383731, 33.765138]}}, {"type": "Feature", "properties": {"name": "Level(3) Chicago (Canal)", "operator": "Lumen Technologies Inc", "city": "Chicago", "state": "IL", "networks": 3}, "geometry": {"type": "Point", "coordinates": [-87.639611, 41.880436]}}, {"type": "Feature", "properties": {"name": "ServerCondo-219 Albuquerque", "operator": "IXNM, INC.", "city": "Albuquerque", "state": "NM", "networks": 0}, "geometry": {"type": "Point", "coordinates": [-106.650102, 35.084663]}}, {"type": "Feature", "properties": {"name": "Citynet Columbus", "operator": "Citynet", "city": "Columbus", "state": "OH", "networks": 3}, "geometry": {"type": "Point", "coordinates": [-82.994861, 39.968171]}}, {"type": "Feature", "properties": {"name": "Citynet Pittsburgh", "operator": "Citynet", "city": "Pittsburgh", "state": "PA", "networks": 4}, "geometry": {"type": "Point", "coordinates": [-80.003614, 40.447383]}}, {"type": "Feature", "properties": {"name": "Citynet Indianapolis", "operator": "Citynet", "city": "Indianapolis", "state": "IN", "networks": 1}, "geometry": {"type": "Point", "coordinates": [-86.170711, 39.759534]}}, {"type": "Feature", "properties": {"name": "PTOR1", "operator": "1547 Critical Systems Realty", "city": "Portland", "state": "OR", "networks": 71}, "geometry": {"type": "Point", "coordinates": [-122.680792, 45.521366]}}, {"type": "Feature", "properties": {"name": "Centersquare New Jersey (EWR5)", "operator": "Centersquare", "city": "Secaucus", "state": "NJ", "networks": 17}, "geometry": {"type": "Point", "coordinates": [-74.06912, 40.78616]}}, {"type": "Feature", "properties": {"name": "Equinix BO1 - Boston, Waltham", "operator": "Equinix, Inc.", "city": "Waltham", "state": "MA", "networks": 3}, "geometry": {"type": "Point", "coordinates": [-71.269187, 42.395346]}}, {"type": "Feature", "properties": {"name": "365 Data Centers Chicago (CH6)", "operator": "365 Data Centers", "city": "Chicago", "state": "IL", "networks": 20}, "geometry": {"type": "Point", "coordinates": [-87.631453, 41.876212]}}, {"type": "Feature", "properties": {"name": "CoreSite - Washington,DC (DC1)", "operator": "CoreSite", "city": "Washington", "state": "DC", "networks": 16}, "geometry": {"type": "Point", "coordinates": [-77.029149, 38.902918]}}, {"type": "Feature", "properties": {"name": "Evocative SJC3", "operator": "VPLS", "city": "Santa Clara", "state": "CA", "networks": 13}, "geometry": {"type": "Point", "coordinates": [-121.954136, 37.378042]}}, {"type": "Feature", "properties": {"name": "Level(3) Nashville (Sidco Drive)", "operator": "Lumen Technologies Inc", "city": "Nashville", "state": "TN", "networks": 4}, "geometry": {"type": "Point", "coordinates": [-86.755786, 36.102726]}}, {"type": "Feature", "properties": {"name": "IRIS - Nashville", "operator": "IRIS", "city": "Nashville", "state": "TN", "networks": 1}, "geometry": {"type": "Point", "coordinates": [-86.776316, 36.162621]}}, {"type": "Feature", "properties": {"name": "Cincinnatti Bell - West 7th Street", "operator": "Cincinnatti Bell", "city": "Cincinnati", "state": "OH", "networks": 0}, "geometry": {"type": "Point", "coordinates": [-84.517261, 39.102789]}}, {"type": "Feature", "properties": {"name": "Level(3) Cincinnati", "operator": "Lumen Technologies Inc", "city": "Cincinnati", "state": "OH", "networks": 1}, "geometry": {"type": "Point", "coordinates": [-84.50313, 39.102533]}}, {"type": "Feature", "properties": {"name": "Neutral Data Toronto", "operator": "Neutral Data Centers Corp.", "city": "Toronto", "state": "ON", "networks": 6}, "geometry": {"type": "Point", "coordinates": [-79.384228, 43.644632]}}, {"type": "Feature", "properties": {"name": "Telehouse - Los Angeles", "operator": "Telehouse - Global Data Centers", "city": "Los Angeles", "state": "CA", "networks": 5}, "geometry": {"type": "Point", "coordinates": [-118.256985, 34.048275]}}, {"type": "Feature", "properties": {"name": "Newport Financial Center", "operator": "Lefrak Organization", "city": "Jersey City", "state": "NJ", "networks": 1}, "geometry": {"type": "Point", "coordinates": [-74.033401, 40.726597]}}, {"type": "Feature", "properties": {"name": "Netrality St. Louis - 900 Walnut", "operator": "Netrality Data Centers", "city": "St. Louis", "state": "MO", "networks": 42}, "geometry": {"type": "Point", "coordinates": [-90.195238, 38.625536]}}, {"type": "Feature", "properties": {"name": "Equinix LA3/LA4 - Los Angeles, El Segundo", "operator": "Equinix, Inc.", "city": "El Segundo", "state": "CA", "networks": 55}, "geometry": {"type": "Point", "coordinates": [-118.383778, 33.921239]}}, {"type": "Feature", "properties": {"name": "Level(3) Toronto", "operator": "Lumen Technologies Inc", "city": "Toronto", "state": "ON", "networks": 4}, "geometry": {"type": "Point", "coordinates": [-79.332708, 43.727326]}}, {"type": "Feature", "properties": {"name": "Level(3) New York", "operator": "Lumen Technologies Inc", "city": "New York", "state": "NY", "networks": 4}, "geometry": {"type": "Point", "coordinates": [-74.007652, 40.743136]}}, {"type": "Feature", "properties": {"name": "165 Halsey Meet-Me Room", "operator": "Tishman Real Estate Services", "city": "Newark", "state": "NJ", "networks": 111}, "geometry": {"type": "Point", "coordinates": [-74.173402, 40.736844]}}, {"type": "Feature", "properties": {"name": "Crown Castle Brentwood (1650 Islip)", "operator": "Crown Castle Inc.", "city": "Brentwood", "state": "NY", "networks": 0}, "geometry": {"type": "Point", "coordinates": [-73.219864, 40.784184]}}, {"type": "Feature", "properties": {"name": "710 Tucker St Louis", "operator": "Hostirian", "city": "St. Louis", "state": "MO", "networks": 3}, "geometry": {"type": "Point", "coordinates": [-90.195813, 38.632728]}}, {"type": "Feature", "properties": {"name": "CoreSite - Los Angeles (LA2)", "operator": "CoreSite", "city": "Los Angeles", "state": "CA", "networks": 196}, "geometry": {"type": "Point", "coordinates": [-118.235357, 34.058096]}}, {"type": "Feature", "properties": {"name": "XO Nashville", "operator": "XO", "city": "Nashville", "state": "TN", "networks": 2}, "geometry": {"type": "Point", "coordinates": [-86.772516, 36.158837]}}, {"type": "Feature", "properties": {"name": "Network 222", "operator": "Fiore Companies", "city": "Madison", "state": "WI", "networks": 13}, "geometry": {"type": "Point", "coordinates": [-89.386996, 43.073336]}}, {"type": "Feature", "properties": {"name": "OCDC Orange County Datacenter Santa Ana", "operator": "VPLS", "city": "Santa Ana", "state": "CA", "networks": 1}, "geometry": {"type": "Point", "coordinates": [-117.851779, 33.729872]}}, {"type": "Feature", "properties": {"name": "iConnect Billings Fiber Hotel", "operator": "iConnect Montana", "city": "Billings", "state": "MT", "networks": 7}, "geometry": {"type": "Point", "coordinates": [-108.512522, 45.781098]}}, {"type": "Feature", "properties": {"name": "iConnect Missoula", "operator": "iConnect Montana", "city": "Missoula", "state": "MT", "networks": 7}, "geometry": {"type": "Point", "coordinates": [-113.989835, 46.87101]}}, {"type": "Feature", "properties": {"name": "CoreSite - Denver (DE1)", "operator": "CoreSite", "city": "Denver", "state": "CO", "networks": 149}, "geometry": {"type": "Point", "coordinates": [-104.995636, 39.745636]}}, {"type": "Feature", "properties": {"name": "Telehouse Toronto (151 Front St West)", "operator": "Telehouse - Global Data Centers", "city": "Toronto", "state": "ON", "networks": 143}, "geometry": {"type": "Point", "coordinates": [-79.384128, 43.644672]}}, {"type": "Feature", "properties": {"name": "740 Notre-Dame West Montreal", "operator": "740 Notre-Dame West Montreal", "city": "Montreal", "state": "QC", "networks": 2}, "geometry": {"type": "Point", "coordinates": [-73.560097, 45.499333]}}, {"type": "Feature", "properties": {"name": "WOW! Business (Tampa Datacenter)", "operator": "WideOpenWest Finance", "city": "Tampa", "state": "FL", "networks": 16}, "geometry": {"type": "Point", "coordinates": [-82.459331, 27.947729]}}, {"type": "Feature", "properties": {"name": "Digital Realty DFW (2323 Bryan St)", "operator": "Digital Realty", "city": "Dallas", "state": "TX", "networks": 62}, "geometry": {"type": "Point", "coordinates": [-96.794219, 32.787212]}}, {"type": "Feature", "properties": {"name": "Digital Realty LAX (600 W 7th)", "operator": "Digital Realty", "city": "Los Angeles", "state": "CA", "networks": 51}, "geometry": {"type": "Point", "coordinates": [-118.25745, 34.047335]}}, {"type": "Feature", "properties": {"name": "Digital Realty IAD (44480 Hastings)", "operator": "Digital Realty", "city": "Ashburn", "state": "VA", "networks": 9}, "geometry": {"type": "Point", "coordinates": [-77.462489, 39.017808]}}, {"type": "Feature", "properties": {"name": "Netrality Houston - 1301 Fannin", "operator": "Netrality Data Centers", "city": "Houston", "state": "TX", "networks": 31}, "geometry": {"type": "Point", "coordinates": [-95.365882, 29.753242]}}, {"type": "Feature", "properties": {"name": "KOMO Plaza Seattle (Formerly Fisher Plaza)", "operator": "GI Property Management", "city": "Seattle", "state": "WA", "networks": 22}, "geometry": {"type": "Point", "coordinates": [-122.348278, 47.619238]}}, {"type": "Feature", "properties": {"name": "University of Wisconsin-Madison", "operator": "University of Wisconsin-Madison", "city": "Madison", "state": "WI", "networks": 5}, "geometry": {"type": "Point", "coordinates": [-89.406318, 43.071309]}}, {"type": "Feature", "properties": {"name": "190 Park Center Plaza San Jose", "operator": "TelePacific Communications", "city": "San Jose", "state": "CA", "networks": 0}, "geometry": {"type": "Point", "coordinates": [-121.892948, 37.332218]}}, {"type": "Feature", "properties": {"name": "The Franklin Exchange Tampa", "operator": "The Wilson Company", "city": "Tampa", "state": "FL", "networks": 4}, "geometry": {"type": "Point", "coordinates": [-82.458393, 27.949606]}}, {"type": "Feature", "properties": {"name": "Level(3) Oakland", "operator": "Lumen Technologies Inc", "city": "Emeryville", "state": "CA", "networks": 2}, "geometry": {"type": "Point", "coordinates": [-122.286597, 37.834675]}}, {"type": "Feature", "properties": {"name": "Netrality Kansas City - 1102 Grand", "operator": "Netrality Data Centers", "city": "Kansas City", "state": "MO", "networks": 81}, "geometry": {"type": "Point", "coordinates": [-94.581036, 39.100941]}}, {"type": "Feature", "properties": {"name": "Equinix SV3 - Silicon Valley, San Jose", "operator": "Equinix, Inc.", "city": "San Jose", "state": "CA", "networks": 22}, "geometry": {"type": "Point", "coordinates": [-121.888457, 37.388235]}}, {"type": "Feature", "properties": {"name": "Equinix SV2 - Silicon Valley, Santa Clara", "operator": "Equinix, Inc.", "city": "Santa Clara", "state": "CA", "networks": 24}, "geometry": {"type": "Point", "coordinates": [-121.954945, 37.378463]}}, {"type": "Feature", "properties": {"name": "CoreSite - Chicago (CH1)", "operator": "CoreSite", "city": "Chicago", "state": "IL", "networks": 73}, "geometry": {"type": "Point", "coordinates": [-87.631453, 41.876212]}}, {"type": "Feature", "properties": {"name": "CSSNW Bellingham", "operator": "CSS Communications", "city": "Bellingham", "state": "WA", "networks": 6}, "geometry": {"type": "Point", "coordinates": [-122.4805, 48.757306]}}, {"type": "Feature", "properties": {"name": "Digital Realty CHI (350 E Cermak)", "operator": "Digital Realty", "city": "Chicago", "state": "IL", "networks": 99}, "geometry": {"type": "Point", "coordinates": [-87.618342, 41.85365]}}, {"type": "Feature", "properties": {"name": "Digital Realty OAK (720 2nd St)", "operator": "Digital Realty", "city": "Oakland", "state": "CA", "networks": 6}, "geometry": {"type": "Point", "coordinates": [-122.282507, 37.799021]}}, {"type": "Feature", "properties": {"name": "Digital Realty SJC (2820 NW Pkwy)", "operator": "Digital Realty", "city": "Santa Clara", "state": "CA", "networks": 13}, "geometry": {"type": "Point", "coordinates": [-121.973377, 37.372818]}}, {"type": "Feature", "properties": {"name": "Hanover Building Calgary", "operator": "N/A", "city": "Calgary", "state": "AB", "networks": 1}, "geometry": {"type": "Point", "coordinates": [-114.063506, 51.04716]}}, {"type": "Feature", "properties": {"name": "GAP Union Station", "operator": "Global Access Point", "city": "South Bend", "state": "IN", "networks": 11}, "geometry": {"type": "Point", "coordinates": [-86.255805, 41.669526]}}, {"type": "Feature", "properties": {"name": "360 Spear", "operator": "Prudential Financial, Inc.", "city": "San Francisco", "state": "CA", "networks": 3}, "geometry": {"type": "Point", "coordinates": [-122.390267, 37.788931]}}, {"type": "Feature", "properties": {"name": "Carolina Internet / CaroNet", "operator": "CaroNet", "city": "Charlotte", "state": "NC", "networks": 0}, "geometry": {"type": "Point", "coordinates": [-80.925975, 35.173324]}}, {"type": "Feature", "properties": {"name": "TierPoint Spokane", "operator": "TierPoint, LLC", "city": "Liberty Lake", "state": "WA", "networks": 13}, "geometry": {"type": "Point", "coordinates": [-117.09123, 47.671879]}}, {"type": "Feature", "properties": {"name": "US Bank Building", "operator": "Kiemle &amp; Hagood", "city": "Spokane", "state": "WA", "networks": 18}, "geometry": {"type": "Point", "coordinates": [-117.4193, 47.658139]}}, {"type": "Feature", "properties": {"name": "Equinix DA - Dallas (previously Infomart Dallas)", "operator": "Equinix, Inc.", "city": "Dallas", "state": "TX", "networks": 59}, "geometry": {"type": "Point", "coordinates": [-96.819412, 32.800748]}}, {"type": "Feature", "properties": {"name": "324 E Wisconsin", "operator": "Wells Interconnection", "city": "Milwaukee", "state": "WI", "networks": 7}, "geometry": {"type": "Point", "coordinates": [-87.906937, 43.039016]}}, {"type": "Feature", "properties": {"name": "Equinix SV6 - Silicon Valley, Sunnyvale", "operator": "Equinix, Inc.", "city": "Sunnyvale", "state": "CA", "networks": 8}, "geometry": {"type": "Point", "coordinates": [-122.014572, 37.399589]}}, {"type": "Feature", "properties": {"name": "Lumen Boston", "operator": "Lumen Technologies Inc", "city": "Cambridge", "state": "MA", "networks": 19}, "geometry": {"type": "Point", "coordinates": [-71.086779, 42.367691]}}, {"type": "Feature", "properties": {"name": "1101 Stewart Ave, Garden City", "operator": "1101 Stewart Ave, Garden City", "city": "Garden City", "state": "NY", "networks": 0}, "geometry": {"type": "Point", "coordinates": [-73.594195, 40.73616]}}, {"type": "Feature", "properties": {"name": "180 E Broad St.", "operator": "Hexion Building", "city": "Columbus", "state": "OH", "networks": 5}, "geometry": {"type": "Point", "coordinates": [-82.995994, 39.963183]}}, {"type": "Feature", "properties": {"name": "Iron Mountain Data Center - Scottsdale (AZS-1)", "operator": "Iron Mountain Data Centers", "city": "Scottsdale", "state": "AZ", "networks": 9}, "geometry": {"type": "Point", "coordinates": [-111.895495, 33.64465]}}, {"type": "Feature", "properties": {"name": "Equinix DA4 - Dallas", "operator": "Equinix, Inc.", "city": "Dallas", "state": "TX", "networks": 26}, "geometry": {"type": "Point", "coordinates": [-96.794219, 32.787212]}}, {"type": "Feature", "properties": {"name": "Equinix NY8 - New York, 60 Hudson", "operator": "Equinix, Inc.", "city": "New York", "state": "NY", "networks": 15}, "geometry": {"type": "Point", "coordinates": [-74.008299, 40.717723]}}, {"type": "Feature", "properties": {"name": "SBTC", "operator": "SBTC", "city": "Seattle", "state": "WA", "networks": 3}, "geometry": {"type": "Point", "coordinates": [-122.340036, 47.612139]}}, {"type": "Feature", "properties": {"name": "Equinix NY7 - New York, North Bergen", "operator": "Equinix, Inc.", "city": "North Bergen", "state": "NJ", "networks": 18}, "geometry": {"type": "Point", "coordinates": [-74.031129, 40.796857]}}, {"type": "Feature", "properties": {"name": "Associated Engineering Plaza (10909 Jasper Avenue)", "operator": "Colliers International", "city": "Edmonton", "state": "AB", "networks": 1}, "geometry": {"type": "Point", "coordinates": [-113.508986, 53.540593]}}, {"type": "Feature", "properties": {"name": "Hurricane Electric Fremont 2", "operator": "Hurricane Electric", "city": "Fremont", "state": "CA", "networks": 304}, "geometry": {"type": "Point", "coordinates": [-121.920111, 37.471809]}}, {"type": "Feature", "properties": {"name": "3500 Garrott", "operator": "JCCH, Ltd", "city": "Houston", "state": "TX", "networks": 0}, "geometry": {"type": "Point", "coordinates": [-95.385784, 29.741436]}}, {"type": "Feature", "properties": {"name": "Equinix MI2 - Miami", "operator": "Equinix, Inc.", "city": "Miami", "state": "FL", "networks": 27}, "geometry": {"type": "Point", "coordinates": [-80.19313, 25.775869]}}, {"type": "Feature", "properties": {"name": "5Nines Data", "operator": "5Nines Data / Network222", "city": "Madison", "state": "WI", "networks": 6}, "geometry": {"type": "Point", "coordinates": [-89.386996, 43.073336]}}, {"type": "Feature", "properties": {"name": "H5 Data Centers Nashville", "operator": "H5 Data Centers", "city": "Nashville", "state": "TN", "networks": 23}, "geometry": {"type": "Point", "coordinates": [-86.778674, 36.162626]}}, {"type": "Feature", "properties": {"name": "Epsilon Global Hubs New York (60 Hudson)", "operator": "Epsilon", "city": "New York", "state": "NY", "networks": 6}, "geometry": {"type": "Point", "coordinates": [-74.008333, 40.717664]}}, {"type": "Feature", "properties": {"name": "Hibernia Atlantic Halifax International Exchange Center", "operator": "Hibernia Atlantic", "city": "Herring Cove", "state": "NS", "networks": 2}, "geometry": {"type": "Point", "coordinates": [-63.561509, 44.561793]}}, {"type": "Feature", "properties": {"name": "Iron Mountain Data Center - Phoenix (AZP-1)", "operator": "Iron Mountain Data Centers", "city": "Phoenix", "state": "AZ", "networks": 32}, "geometry": {"type": "Point", "coordinates": [-111.976435, 33.454411]}}, {"type": "Feature", "properties": {"name": "Equinix SV4 - Silicon Valley, Sunnyvale", "operator": "Equinix, Inc.", "city": "Sunnyvale", "state": "CA", "networks": 16}, "geometry": {"type": "Point", "coordinates": [-122.014482, 37.41438]}}, {"type": "Feature", "properties": {"name": "1623 Farnam - Omaha", "operator": "1623 Farnam, LLC", "city": "Omaha", "state": "NE", "networks": 49}, "geometry": {"type": "Point", "coordinates": [-95.938191, 41.257352]}}, {"type": "Feature", "properties": {"name": "QTS Santa Clara (SJC1/SJC2)", "operator": "QTS Realty Trust, Inc.", "city": "Santa Clara", "state": "CA", "networks": 12}, "geometry": {"type": "Point", "coordinates": [-121.978279, 37.394031]}}, {"type": "Feature", "properties": {"name": "QTS Jersey City (JCY1)", "operator": "QTS Realty Trust, Inc.", "city": "Jersey City", "state": "NJ", "networks": 4}, "geometry": {"type": "Point", "coordinates": [-74.03382, 40.716892]}}, {"type": "Feature", "properties": {"name": "QTS Atlanta-Suwanee (SUW1)", "operator": "QTS Realty Trust, Inc.", "city": "Suwanee", "state": "GA", "networks": 11}, "geometry": {"type": "Point", "coordinates": [-84.06101, 34.035431]}}, {"type": "Feature", "properties": {"name": "QTS Atlanta-Metro (ATL1)", "operator": "QTS Realty Trust, Inc.", "city": "Atlanta", "state": "GA", "networks": 22}, "geometry": {"type": "Point", "coordinates": [-84.421036, 33.777526]}}, {"type": "Feature", "properties": {"name": "QTS Miami (MIA1)", "operator": "QTS Realty Trust, Inc.", "city": "Miami", "state": "FL", "networks": 7}, "geometry": {"type": "Point", "coordinates": [-80.379598, 25.791541]}}, {"type": "Feature", "properties": {"name": "CoreSite - Boston (BO1)", "operator": "CoreSite", "city": "Somerville", "state": "MA", "networks": 40}, "geometry": {"type": "Point", "coordinates": [-71.079763, 42.376703]}}, {"type": "Feature", "properties": {"name": "1025Connect", "operator": "1025Connect (formerly LIDARC)", "city": "Westbury", "state": "NY", "networks": 8}, "geometry": {"type": "Point", "coordinates": [-73.557923, 40.7558]}}, {"type": "Feature", "properties": {"name": "Intergate West / Digital.forest / Fortress", "operator": "Sabey Data Centers", "city": "Tukwila", "state": "WA", "networks": 4}, "geometry": {"type": "Point", "coordinates": [-122.29441, 47.494136]}}, {"type": "Feature", "properties": {"name": "274 Brannan Street", "operator": "The Swig Company", "city": "San Francisco", "state": "CA", "networks": 2}, "geometry": {"type": "Point", "coordinates": [-122.391764, 37.782582]}}, {"type": "Feature", "properties": {"name": "FiberNet Telecom Group Newark - 165 Halsey", "operator": "FiberNet Telecom Group", "city": "Newark", "state": "NJ", "networks": 1}, "geometry": {"type": "Point", "coordinates": [-74.173402, 40.736844]}}, {"type": "Feature", "properties": {"name": "365 Data Centers Ft. Lauderdale (FLL)", "operator": "365 Data Centers", "city": "Ft. Lauderdale", "state": "FL", "networks": 6}, "geometry": {"type": "Point", "coordinates": [-80.190819, 26.184971]}}, {"type": "Feature", "properties": {"name": "Centersquare Phoenix (PHX3)", "operator": "Centersquare", "city": "Mesa", "state": "AZ", "networks": 4}, "geometry": {"type": "Point", "coordinates": [-111.858984, 33.421225]}}, {"type": "Feature", "properties": {"name": "Colo at 55, LLC", "operator": "Colo at 55, LLC", "city": "Atlanta", "state": "GA", "networks": 5}, "geometry": {"type": "Point", "coordinates": [-84.391066, 33.755807]}}, {"type": "Feature", "properties": {"name": "Telecom Center LA", "operator": "Morlin Management", "city": "Los Angeles", "state": "CA", "networks": 10}, "geometry": {"type": "Point", "coordinates": [-118.255186, 34.048428]}}, {"type": "Feature", "properties": {"name": "Colo4Dallas", "operator": "Colo4Dallas", "city": "Dallas", "state": "TX", "networks": 6}, "geometry": {"type": "Point", "coordinates": [-96.857296, 32.807888]}}, {"type": "Feature", "properties": {"name": "CoreSite - Reston (VA1)", "operator": "CoreSite", "city": "Reston", "state": "VA", "networks": 83}, "geometry": {"type": "Point", "coordinates": [-77.364541, 38.950631]}}, {"type": "Feature", "properties": {"name": "CoreSite - Miami (MI1)", "operator": "CoreSite", "city": "Miami", "state": "FL", "networks": 21}, "geometry": {"type": "Point", "coordinates": [-80.230038, 25.797548]}}, {"type": "Feature", "properties": {"name": "CoreSite - New York (NY1)", "operator": "CoreSite", "city": "New York", "state": "NY", "networks": 35}, "geometry": {"type": "Point", "coordinates": [-74.004561, 40.72]}}, {"type": "Feature", "properties": {"name": "Coresite - Milpitas (SV2)", "operator": "CoreSite", "city": "Milpitas", "state": "CA", "networks": 6}, "geometry": {"type": "Point", "coordinates": [-121.916261, 37.405693]}}, {"type": "Feature", "properties": {"name": "ColoHouse Miami", "operator": "ColoHouse Premier Datacenter", "city": "Miami", "state": "FL", "networks": 44}, "geometry": {"type": "Point", "coordinates": [-80.192959, 25.775811]}}, {"type": "Feature", "properties": {"name": "Equinix DE2 - Denver", "operator": "Equinix, Inc.", "city": "Denver", "state": "CO", "networks": 15}, "geometry": {"type": "Point", "coordinates": [-104.857528, 39.560317]}}, {"type": "Feature", "properties": {"name": "Hurricane Electric Fremont 1", "operator": "Hurricane Electric", "city": "Fremont", "state": "CA", "networks": 41}, "geometry": {"type": "Point", "coordinates": [-121.931012, 37.489879]}}, {"type": "Feature", "properties": {"name": "Equinix CU1/CU2/CU3/CU4 - Culpeper", "operator": "Equinix, Inc.", "city": "Culpeper", "state": "VA", "networks": 10}, "geometry": {"type": "Point", "coordinates": [-77.978325, 38.454881]}}, {"type": "Feature", "properties": {"name": "Telehouse - Teleport Center (New York)", "operator": "Telehouse - Global Data Centers", "city": "Staten Island", "state": "NY", "networks": 40}, "geometry": {"type": "Point", "coordinates": [-74.173722, 40.606231]}}, {"type": "Feature", "properties": {"name": "Level(3) Jersey City", "operator": "Lumen Technologies Inc", "city": "Jersey City", "state": "NJ", "networks": 0}, "geometry": {"type": "Point", "coordinates": [-74.037494, 40.718534]}}, {"type": "Feature", "properties": {"name": "YRIX", "operator": "YRIX", "city": "Billings", "state": "MT", "networks": 0}, "geometry": {"type": "Point", "coordinates": [-108.512531, 45.781051]}}, {"type": "Feature", "properties": {"name": "TelePacific", "operator": "TelePacific Communications", "city": "San Francisco", "state": "CA", "networks": 0}, "geometry": {"type": "Point", "coordinates": [-122.394082, 37.77942]}}, {"type": "Feature", "properties": {"name": "Switch Las Vegas", "operator": "Switch, Ltd.", "city": "Las Vegas", "state": "NV", "networks": 47}, "geometry": {"type": "Point", "coordinates": [-115.210194, 36.059914]}}, {"type": "Feature", "properties": {"name": "Cologix TOR1", "operator": "Cologix, Inc.", "city": "Toronto", "state": "ON", "networks": 85}, "geometry": {"type": "Point", "coordinates": [-79.384228, 43.644632]}}, {"type": "Feature", "properties": {"name": "Kanobe, LLC", "operator": "Bothell Data Services", "city": "Bothell", "state": "WA", "networks": 1}, "geometry": {"type": "Point", "coordinates": [-122.190511, 47.779371]}}, {"type": "Feature", "properties": {"name": "LightEdge San Diego 1 (SAN1)", "operator": "LightEdge NFINIT", "city": "San Diego", "state": "CA", "networks": 7}, "geometry": {"type": "Point", "coordinates": [-117.129906, 32.828068]}}, {"type": "Feature", "properties": {"name": "LightEdge San Diego 2 (SAN2)", "operator": "LightEdge NFINIT", "city": "San Diego", "state": "CA", "networks": 6}, "geometry": {"type": "Point", "coordinates": [-117.20105, 32.897149]}}, {"type": "Feature", "properties": {"name": "Cologix MIN1", "operator": "Cologix, Inc.", "city": "Minneapolis", "state": "MN", "networks": 81}, "geometry": {"type": "Point", "coordinates": [-93.25458, 44.971408]}}, {"type": "Feature", "properties": {"name": "JSLLC Bozeman", "operator": "Johnson Services, LLC.", "city": "Bozeman", "state": "MT", "networks": 0}, "geometry": {"type": "Point", "coordinates": [-111.035371, 45.680672]}}, {"type": "Feature", "properties": {"name": "210 Sheppard Avenue East", "operator": "Internet Light and Power Inc.", "city": "Toronto", "state": "ON", "networks": 1}, "geometry": {"type": "Point", "coordinates": [-79.40133, 43.76388]}}, {"type": "Feature", "properties": {"name": "Oak Tower", "operator": "Cassidy/Turley", "city": "Kansas City", "state": "MO", "networks": 0}, "geometry": {"type": "Point", "coordinates": [-94.578927, 39.101138]}}, {"type": "Feature", "properties": {"name": "ThinkTel Communications Edmonton", "operator": "ThinkTel Communications Ltd.", "city": "Edmonton", "state": "AB", "networks": 0}, "geometry": {"type": "Point", "coordinates": [-113.494181, 53.544091]}}, {"type": "Feature", "properties": {"name": "Level(3) Salt Lake City", "operator": "Lumen Technologies Inc", "city": "Salt Lake City", "state": "UT", "networks": 10}, "geometry": {"type": "Point", "coordinates": [-111.955031, 40.756316]}}, {"type": "Feature", "properties": {"name": "XO Salt Lake City IP PoP", "operator": "Verizon Communications, Inc.", "city": "Salt Lake City", "state": "UT", "networks": 1}, "geometry": {"type": "Point", "coordinates": [-111.979876, 40.750975]}}, {"type": "Feature", "properties": {"name": "NASA Moffet Field", "operator": "NASA", "city": "Mountain View", "state": "CA", "networks": 1}, "geometry": {"type": "Point", "coordinates": [-122.040197, 37.420567]}}, {"type": "Feature", "properties": {"name": "Internetworking Atlantic", "operator": "Internetworking Atlantic Inc.", "city": "Halifax", "state": "NS", "networks": 4}, "geometry": {"type": "Point", "coordinates": [-63.579649, 44.644573]}}, {"type": "Feature", "properties": {"name": "Quonix Datacenter (2401 Locust St)", "operator": "Quonix Networks, Inc.", "city": "Philadelphia", "state": "PA", "networks": 5}, "geometry": {"type": "Point", "coordinates": [-75.180048, 39.950345]}}, {"type": "Feature", "properties": {"name": "Digital Realty EWR (100 Delawanna)", "operator": "Digital Realty", "city": "Clifton", "state": "NJ", "networks": 19}, "geometry": {"type": "Point", "coordinates": [-74.126752, 40.829926]}}, {"type": "Feature", "properties": {"name": "PhoenixNAP", "operator": "PhoenixNAP", "city": "Phoenix", "state": "AZ", "networks": 71}, "geometry": {"type": "Point", "coordinates": [-112.009445, 33.41601]}}, {"type": "Feature", "properties": {"name": "Lumen Baltimore", "operator": "Lumen Technologies Inc", "city": "Baltimore", "state": "MD", "networks": 2}, "geometry": {"type": "Point", "coordinates": [-76.620065, 39.291768]}}, {"type": "Feature", "properties": {"name": "Equinix AT1 - Atlanta", "operator": "Equinix, Inc.", "city": "Atlanta", "state": "GA", "networks": 60}, "geometry": {"type": "Point", "coordinates": [-84.387874, 33.758567]}}, {"type": "Feature", "properties": {"name": "Flex Data Center", "operator": "365 Data Centers", "city": "Reston", "state": "VA", "networks": 2}, "geometry": {"type": "Point", "coordinates": [-77.346564, 38.951881]}}, {"type": "Feature", "properties": {"name": "Netriplex", "operator": "Netriplex", "city": "Asheville", "state": "NC", "networks": 0}, "geometry": {"type": "Point", "coordinates": [-82.557785, 35.488137]}}, {"type": "Feature", "properties": {"name": "800 south hope", "operator": "Thomas Properties Group", "city": "Los Angeles", "state": "CA", "networks": 4}, "geometry": {"type": "Point", "coordinates": [-118.258993, 34.045995]}}, {"type": "Feature", "properties": {"name": "Equinix CH3 - Elk Grove", "operator": "Equinix, Inc.", "city": "Elk Grove Village", "state": "IL", "networks": 43}, "geometry": {"type": "Point", "coordinates": [-87.954882, 42.001171]}}, {"type": "Feature", "properties": {"name": "Login Tucson", "operator": "Login, LLC", "city": "Tucson", "state": "AZ", "networks": 1}, "geometry": {"type": "Point", "coordinates": [-110.969165, 32.244939]}}, {"type": "Feature", "properties": {"name": "QuadraNet DTLA", "operator": "QuadraNet Enterprises LLC", "city": "Los Angeles", "state": "CA", "networks": 17}, "geometry": {"type": "Point", "coordinates": [-118.255186, 34.048428]}}, {"type": "Feature", "properties": {"name": "LES.NET YWG1", "operator": "LES.NET (1996) INC", "city": "Winnipeg", "state": "MB", "networks": 2}, "geometry": {"type": "Point", "coordinates": [-97.135586, 49.894493]}}, {"type": "Feature", "properties": {"name": "801 Main Street - Lenoir", "operator": "Dacentec", "city": "Lenoir", "state": "NC", "networks": 1}, "geometry": {"type": "Point", "coordinates": [-81.54274, 35.922479]}}, {"type": "Feature", "properties": {"name": "Tonaquint Data Center - Saint George", "operator": "Tonaquint Data Center, Inc.", "city": "Saint George", "state": "UT", "networks": 9}, "geometry": {"type": "Point", "coordinates": [-113.607242, 37.081472]}}, {"type": "Feature", "properties": {"name": "XO 818 West 7th", "operator": "Verizon Communications, Inc.", "city": "Los Angeles", "state": "CA", "networks": 0}, "geometry": {"type": "Point", "coordinates": [-118.259457, 34.04881]}}, {"type": "Feature", "properties": {"name": "XO 600 West 7th", "operator": "Verizon Communications, Inc.", "city": "Los Angeles", "state": "CA", "networks": 0}, "geometry": {"type": "Point", "coordinates": [-118.25745, 34.047322]}}, {"type": "Feature", "properties": {"name": "Digital Fortress (PTL)", "operator": "Digital Fortress", "city": "Portland", "state": "OR", "networks": 5}, "geometry": {"type": "Point", "coordinates": [-122.681823, 45.521223]}}, {"type": "Feature", "properties": {"name": "Level(3) Dallas", "operator": "Lumen Technologies Inc", "city": "Dallas", "state": "TX", "networks": 8}, "geometry": {"type": "Point", "coordinates": [-96.86816, 32.807584]}}, {"type": "Feature", "properties": {"name": "ixColo", "operator": "ixColo LLC", "city": "Buffalo", "state": "NY", "networks": 2}, "geometry": {"type": "Point", "coordinates": [-78.875514, 42.884227]}}, {"type": "Feature", "properties": {"name": "Level(3) Seattle (Denny Way)", "operator": "Lumen Technologies Inc", "city": "Seattle", "state": "WA", "networks": 5}, "geometry": {"type": "Point", "coordinates": [-122.336393, 47.619054]}}, {"type": "Feature", "properties": {"name": "501 Franklin Ave", "operator": "Webair", "city": "Garden City", "state": "NY", "networks": 5}, "geometry": {"type": "Point", "coordinates": [-73.631821, 40.722759]}}, {"type": "Feature", "properties": {"name": "Critical Hub DataCenter", "operator": "Critical Hub Networks, Inc.", "city": "San Juan", "state": "PR", "networks": 2}, "geometry": {"type": "Point", "coordinates": [-66.071365, 18.448414]}}, {"type": "Feature", "properties": {"name": "Zayo Networks", "operator": "Zayo Group", "city": "Louisville", "state": "CO", "networks": 4}, "geometry": {"type": "Point", "coordinates": [-105.165261, 39.964963]}}, {"type": "Feature", "properties": {"name": "SBA Edge - Jacksonville (JAX)", "operator": "SBA Edge - Jacksonville (JAX)", "city": "Jacksonville", "state": "FL", "networks": 15}, "geometry": {"type": "Point", "coordinates": [-81.662322, 30.331375]}}, {"type": "Feature", "properties": {"name": "Level(3) Kansas City", "operator": "Lumen Technologies Inc", "city": "Kansas City", "state": "MO", "networks": 14}, "geometry": {"type": "Point", "coordinates": [-94.582419, 39.100517]}}, {"type": "Feature", "properties": {"name": "801 Tenth Street Modesto (Ayera)", "operator": "Ayera Technologies, Inc.", "city": "Modesto", "state": "CA", "networks": 2}, "geometry": {"type": "Point", "coordinates": [-120.998503, 37.638551]}}, {"type": "Feature", "properties": {"name": "500 Green (AKA VOLICO 2.0)", "operator": "Biznesshosting, Inc. DBA VOLICO", "city": "Deerfield", "state": "FL", "networks": 3}, "geometry": {"type": "Point", "coordinates": [-80.130014, 26.289687]}}, {"type": "Feature", "properties": {"name": "Level(3) Los Angeles", "operator": "Lumen Technologies Inc", "city": "Los Angeles", "state": "CA", "networks": 6}, "geometry": {"type": "Point", "coordinates": [-118.25956, 34.048741]}}, {"type": "Feature", "properties": {"name": "Digital Realty SJC (2220 De La Cruz Blvd)", "operator": "Digital Realty", "city": "Santa Clara", "state": "CA", "networks": 2}, "geometry": {"type": "Point", "coordinates": [-121.943773, 37.361768]}}, {"type": "Feature", "properties": {"name": "Vantage Data Centers (Santa Clara)", "operator": "Vantage Data Centers", "city": "Santa Clara", "state": "CA", "networks": 4}, "geometry": {"type": "Point", "coordinates": [-121.973508, 37.372595]}}, {"type": "Feature", "properties": {"name": "RagingWire CA1 - NTT", "operator": "RagingWire Data Centers - NTT", "city": "Sacramento", "state": "CA", "networks": 14}, "geometry": {"type": "Point", "coordinates": [-121.489184, 38.650318]}}, {"type": "Feature", "properties": {"name": "RagingWire CA2 - NTT", "operator": "RagingWire Data Centers - NTT", "city": "Sacramento", "state": "CA", "networks": 6}, "geometry": {"type": "Point", "coordinates": [-121.49192, 38.650382]}}, {"type": "Feature", "properties": {"name": "RagingWire VA1 - NTT", "operator": "RagingWire Data Centers - NTT", "city": "Ashburn", "state": "VA", "networks": 25}, "geometry": {"type": "Point", "coordinates": [-77.455012, 39.022561]}}, {"type": "Feature", "properties": {"name": "232 20th St NW, East Grand Forks", "operator": "Wikstrom Telephone Company, Inc.", "city": "East Grand Forks", "state": "MN", "networks": 1}, "geometry": {"type": "Point", "coordinates": [-97.022654, 47.945477]}}, {"type": "Feature", "properties": {"name": "IUPUI Informatics &amp; Communications Technology Complex", "operator": "Indiana University", "city": "Indianapolis", "state": "IN", "networks": 3}, "geometry": {"type": "Point", "coordinates": [-86.167904, 39.77382]}}, {"type": "Feature", "properties": {"name": "INdigital", "operator": "INdigital Telecom", "city": "Fort Wayne", "state": "IN", "networks": 2}, "geometry": {"type": "Point", "coordinates": [-85.211021, 41.132672]}}, {"type": "Feature", "properties": {"name": "Syringa Networks Boise", "operator": "Syringa Networks Boise", "city": "Boise", "state": "ID", "networks": 3}, "geometry": {"type": "Point", "coordinates": [-116.207057, 43.567545]}}, {"type": "Feature", "properties": {"name": "SupraNet Communications Madison", "operator": "SupraNet Communications, Inc.", "city": "Madison", "state": "WI", "networks": 2}, "geometry": {"type": "Point", "coordinates": [-89.524364, 43.075606]}}, {"type": "Feature", "properties": {"name": "QTS Piscataway (PNJ1)", "operator": "QTS Realty Trust, Inc.", "city": "Piscataway", "state": "NJ", "networks": 32}, "geometry": {"type": "Point", "coordinates": [-74.484735, 40.556905]}}, {"type": "Feature", "properties": {"name": "I2B SAN02", "operator": "I2B Networks", "city": "San Diego", "state": "CA", "networks": 3}, "geometry": {"type": "Point", "coordinates": [-117.136849, 32.830414]}}, {"type": "Feature", "properties": {"name": "I2B SAN01", "operator": "I2B Networks", "city": "San Diego", "state": "CA", "networks": 2}, "geometry": {"type": "Point", "coordinates": [-117.13445, 32.830139]}}, {"type": "Feature", "properties": {"name": "USNAMES-NET", "operator": "American Domain Names LLC", "city": "Wilmington", "state": "DE", "networks": 0}, "geometry": {"type": "Point", "coordinates": [-75.627882, 39.730981]}}, {"type": "Feature", "properties": {"name": "Level(3) Denver", "operator": "Lumen Technologies Inc", "city": "Denver", "state": "CO", "networks": 9}, "geometry": {"type": "Point", "coordinates": [-104.979669, 39.745119]}}, {"type": "Feature", "properties": {"name": "DataBank Ashburn (IAD1)", "operator": "DataBank, Ltd.", "city": "Ashburn", "state": "VA", "networks": 36}, "geometry": {"type": "Point", "coordinates": [-77.48158, 39.015966]}}, {"type": "Feature", "properties": {"name": "Fireline Data Center", "operator": "Fireline Network Solutions, Inc", "city": "Los Angeles", "state": "CA", "networks": 1}, "geometry": {"type": "Point", "coordinates": [-118.358612, 34.062122]}}, {"type": "Feature", "properties": {"name": "CoreSite - Denver (DE2)", "operator": "CoreSite", "city": "Denver", "state": "CO", "networks": 14}, "geometry": {"type": "Point", "coordinates": [-104.97913, 39.744922]}}, {"type": "Feature", "properties": {"name": "TierPoint Tulsa-Archer", "operator": "TierPoint, LLC", "city": "Tulsa", "state": "OK", "networks": 11}, "geometry": {"type": "Point", "coordinates": [-95.988577, 36.158798]}}, {"type": "Feature", "properties": {"name": "321 S Boston Ave", "operator": "OCOSA", "city": "Tulsa", "state": "OK", "networks": 1}, "geometry": {"type": "Point", "coordinates": [-95.989196, 36.153266]}}, {"type": "Feature", "properties": {"name": "Equinix MI3 - Miami, Boca Raton", "operator": "Equinix, Inc.", "city": "Boca Raton", "state": "FL", "networks": 16}, "geometry": {"type": "Point", "coordinates": [-80.108267, 26.387989]}}, {"type": "Feature", "properties": {"name": "Telehouse - New York Chelsea", "operator": "Telehouse - Global Data Centers", "city": "New York", "state": "NY", "networks": 47}, "geometry": {"type": "Point", "coordinates": [-74.007954, 40.743209]}}, {"type": "Feature", "properties": {"name": "INOC Albany (80 State St)", "operator": "INOC, LLC", "city": "Albany", "state": "NY", "networks": 3}, "geometry": {"type": "Point", "coordinates": [-73.75268, 42.649364]}}, {"type": "Feature", "properties": {"name": "Colo@34 (Downtown)", "operator": "Performive", "city": "Atlanta", "state": "GA", "networks": 0}, "geometry": {"type": "Point", "coordinates": [-84.389635, 33.754975]}}, {"type": "Feature", "properties": {"name": "Level(3) Memphis", "operator": "Lumen Technologies Inc", "city": "Memphis", "state": "TN", "networks": 2}, "geometry": {"type": "Point", "coordinates": [-89.930755, 35.028826]}}, {"type": "Feature", "properties": {"name": "Fiberhub LAS1", "operator": "Fiberhub", "city": "Las Vegas", "state": "NV", "networks": 16}, "geometry": {"type": "Point", "coordinates": [-115.138297, 36.066019]}}, {"type": "Feature", "properties": {"name": "Hivelocity", "operator": "Hivelocity LLC", "city": "Tampa", "state": "FL", "networks": 4}, "geometry": {"type": "Point", "coordinates": [-82.52466, 28.01989]}}, {"type": "Feature", "properties": {"name": "NP Rochester", "operator": "Neutral Path Communications, LLC", "city": "Rochester", "state": "MN", "networks": 5}, "geometry": {"type": "Point", "coordinates": [-92.462576, 44.020868]}}, {"type": "Feature", "properties": {"name": "DataCenter.BZ - Worthington-Columbus", "operator": "DataCenter.BZ, LLC", "city": "Worthington", "state": "OH", "networks": 5}, "geometry": {"type": "Point", "coordinates": [-83.00176, 40.115838]}}, {"type": "Feature", "properties": {"name": "Cologix VAN1", "operator": "Cologix, Inc.", "city": "Vancouver", "state": "BC", "networks": 27}, "geometry": {"type": "Point", "coordinates": [-123.111935, 49.284697]}}, {"type": "Feature", "properties": {"name": "Duluth Missabe", "operator": "First Properties", "city": "Duluth", "state": "MN", "networks": 3}, "geometry": {"type": "Point", "coordinates": [-92.103083, 46.785022]}}, {"type": "Feature", "properties": {"name": "XMission - Salt Lake City - Utah", "operator": "XMission", "city": "Salt Lake City", "state": "UT", "networks": 5}, "geometry": {"type": "Point", "coordinates": [-111.888856, 40.7609]}}, {"type": "Feature", "properties": {"name": "CoreSite - Atlanta (AT1)", "operator": "CoreSite", "city": "Atlanta", "state": "GA", "networks": 70}, "geometry": {"type": "Point", "coordinates": [-84.390928, 33.755801]}}, {"type": "Feature", "properties": {"name": "EvoSwitch WDC1", "operator": "EvoSwitch", "city": "Manassas", "state": "VA", "networks": 8}, "geometry": {"type": "Point", "coordinates": [-77.531749, 38.747494]}}, {"type": "Feature", "properties": {"name": "Datahive", "operator": "Datahive", "city": "Calgary", "state": "AB", "networks": 27}, "geometry": {"type": "Point", "coordinates": [-114.080105, 51.047284]}}, {"type": "Feature", "properties": {"name": "Digital Realty IAD (44521 Hastings)", "operator": "Digital Realty", "city": "Ashburn", "state": "VA", "networks": 6}, "geometry": {"type": "Point", "coordinates": [-77.463206, 39.020131]}}, {"type": "Feature", "properties": {"name": "Digital Realty IAD (44461 Chilum)", "operator": "Digital Realty", "city": "Ashburn", "state": "VA", "networks": 4}, "geometry": {"type": "Point", "coordinates": [-77.463564, 39.021133]}}, {"type": "Feature", "properties": {"name": "Digital Realty DFW (1232 Alma)", "operator": "Digital Realty", "city": "Richardson", "state": "TX", "networks": 11}, "geometry": {"type": "Point", "coordinates": [-96.715602, 32.966309]}}, {"type": "Feature", "properties": {"name": "Digital Realty CH1 - Chicago", "operator": "Digital Realty", "city": "Elk Grove Village", "state": "IL", "networks": 18}, "geometry": {"type": "Point", "coordinates": [-87.962053, 41.994269]}}, {"type": "Feature", "properties": {"name": "Rackspace Dallas Grapevine (DFW1)", "operator": "Rackspace, US Inc.", "city": "Grapevine", "state": "TX", "networks": 0}, "geometry": {"type": "Point", "coordinates": [-97.104853, 32.929191]}}, {"type": "Feature", "properties": {"name": "Leaseweb MTL-01", "operator": "Leaseweb Canada", "city": "Montreal", "state": "QC", "networks": 5}, "geometry": {"type": "Point", "coordinates": [-73.538001, 45.467948]}}, {"type": "Feature", "properties": {"name": "Carolina Internet / CaroNet XB", "operator": "CaroNet", "city": "Charlotte", "state": "NC", "networks": 1}, "geometry": {"type": "Point", "coordinates": [-80.932278, 35.179019]}}, {"type": "Feature", "properties": {"name": "Westelcom Networks Watertown", "operator": "Westelcom Networks", "city": "Watertown", "state": "NY", "networks": 1}, "geometry": {"type": "Point", "coordinates": [-75.913547, 43.974742]}}, {"type": "Feature", "properties": {"name": "Westelcom Networks Plattsburgh", "operator": "Westelcom Networks", "city": "Plattsburgh", "state": "NY", "networks": 1}, "geometry": {"type": "Point", "coordinates": [-73.452937, 44.696433]}}, {"type": "Feature", "properties": {"name": "Fusion - Cleveland", "operator": "Fusion Connect", "city": "Cleveland", "state": "OH", "networks": 8}, "geometry": {"type": "Point", "coordinates": [-81.680462, 41.501689]}}, {"type": "Feature", "properties": {"name": "Datacenter.BZ", "operator": "DataCenter.BZ, LLC", "city": "Columbus", "state": "OH", "networks": 0}, "geometry": {"type": "Point", "coordinates": [-83.002414, 40.115757]}}, {"type": "Feature", "properties": {"name": "DataBank New York (LGA1)", "operator": "DataBank, Ltd.", "city": "New York", "state": "NY", "networks": 16}, "geometry": {"type": "Point", "coordinates": [-74.008333, 40.717664]}}, {"type": "Feature", "properties": {"name": "Crown Castle Pittsburgh (Allegheny Center Mall)", "operator": "Crown Castle Inc.", "city": "Pittsburgh", "state": "PA", "networks": 7}, "geometry": {"type": "Point", "coordinates": [-80.005186, 40.451062]}}, {"type": "Feature", "properties": {"name": "Maxcom", "operator": "Macom Telecomunicaciones", "city": "Mexico", "state": "DF", "networks": 1}, "geometry": {"type": "Point", "coordinates": [-99.261085, 19.368396]}}, {"type": "Feature", "properties": {"name": "Netelligent-1", "operator": "Netelligent", "city": "Montreal", "state": "QC", "networks": 2}, "geometry": {"type": "Point", "coordinates": [-73.562048, 45.500484]}}, {"type": "Feature", "properties": {"name": "1500 Champa", "operator": "IPI Partners, LLC", "city": "Denver", "state": "CO", "networks": 10}, "geometry": {"type": "Point", "coordinates": [-104.994399, 39.745765]}}, {"type": "Feature", "properties": {"name": "ColoCenter.com - Manchester NH", "operator": "G4 Communications Corp.", "city": "Manchester", "state": "NH", "networks": 0}, "geometry": {"type": "Point", "coordinates": [-71.468877, 42.971981]}}, {"type": "Feature", "properties": {"name": "Implex Minneapolis", "operator": "Implex", "city": "Minneapolis", "state": "MN", "networks": 1}, "geometry": {"type": "Point", "coordinates": [-93.265888, 45.000634]}}, {"type": "Feature", "properties": {"name": "IPR Wilmington CCC", "operator": "IPR International", "city": "Wilmington", "state": "DE", "networks": 2}, "geometry": {"type": "Point", "coordinates": [-75.546753, 39.747859]}}, {"type": "Feature", "properties": {"name": "University of Calgary", "operator": "University of Calgary", "city": "Calgary", "state": "AB", "networks": 1}, "geometry": {"type": "Point", "coordinates": [-114.129754, 51.075546]}}, {"type": "Feature", "properties": {"name": "CyrusOne Cincinnati 7th St", "operator": "CyrusOne Inc.", "city": "Cincinnati", "state": "OH", "networks": 8}, "geometry": {"type": "Point", "coordinates": [-84.517262, 39.102771]}}, {"type": "Feature", "properties": {"name": "CyrusOne Lebanon", "operator": "CyrusOne Inc.", "city": "Lebanon", "state": "OH", "networks": 0}, "geometry": {"type": "Point", "coordinates": [-84.220796, 39.389053]}}, {"type": "Feature", "properties": {"name": "CyrusOne Florence", "operator": "CyrusOne Inc.", "city": "Florence", "state": "KY", "networks": 2}, "geometry": {"type": "Point", "coordinates": [-84.618707, 38.98065]}}, {"type": "Feature", "properties": {"name": "CyrusOne Mason", "operator": "CyrusOne Inc.", "city": "Mason", "state": "OH", "networks": 0}, "geometry": {"type": "Point", "coordinates": [-84.311636, 39.303887]}}, {"type": "Feature", "properties": {"name": "CyrusOne Hamilton", "operator": "CyrusOne Inc.", "city": "Hamilton", "state": "OH", "networks": 1}, "geometry": {"type": "Point", "coordinates": [-84.567161, 39.386313]}}, {"type": "Feature", "properties": {"name": "Databank Houston Galleria (HOU5)", "operator": "DataBank, Ltd.", "city": "Houston", "state": "TX", "networks": 8}, "geometry": {"type": "Point", "coordinates": [-95.445075, 29.728119]}}, {"type": "Feature", "properties": {"name": "Databank Houston West (HOU1) (HOU2)", "operator": "DataBank, Ltd.", "city": "Houston", "state": "TX", "networks": 36}, "geometry": {"type": "Point", "coordinates": [-95.556656, 29.844182]}}, {"type": "Feature", "properties": {"name": "CyrusOne Dallas (Lewisville)", "operator": "CyrusOne Inc.", "city": "Lewisville", "state": "TX", "networks": 5}, "geometry": {"type": "Point", "coordinates": [-96.99766, 33.001402]}}, {"type": "Feature", "properties": {"name": "CyrusOne Dallas (Carrollton)", "operator": "CyrusOne Inc.", "city": "Carrollton", "state": "TX", "networks": 11}, "geometry": {"type": "Point", "coordinates": [-96.930465, 32.991929]}}, {"type": "Feature", "properties": {"name": "CyrusOne Austin (Met 2)", "operator": "CyrusOne Inc.", "city": "Austin", "state": "TX", "networks": 6}, "geometry": {"type": "Point", "coordinates": [-97.69791, 30.205925]}}, {"type": "Feature", "properties": {"name": "CyrusOne San Antonio", "operator": "CyrusOne Inc.", "city": "San Antonio", "state": "TX", "networks": 4}, "geometry": {"type": "Point", "coordinates": [-98.688078, 29.46661]}}, {"type": "Feature", "properties": {"name": "CyrusOne Chicago (Lombard)", "operator": "CyrusOne Inc.", "city": "Lombard", "state": "IL", "networks": 5}, "geometry": {"type": "Point", "coordinates": [-88.029567, 41.849175]}}, {"type": "Feature", "properties": {"name": "CyrusOne Phoenix", "operator": "CyrusOne Inc.", "city": "Phoenix", "state": "AZ", "networks": 16}, "geometry": {"type": "Point", "coordinates": [-111.882056, 33.270744]}}, {"type": "Feature", "properties": {"name": "200 Quannapowitt Pkwy", "operator": "RJ Kelly", "city": "Wakefield", "state": "MA", "networks": 1}, "geometry": {"type": "Point", "coordinates": [-71.084976, 42.520526]}}, {"type": "Feature", "properties": {"name": "Bay Area Internet", "operator": "BAIS, INC", "city": "Santa Clara", "state": "CA", "networks": 2}, "geometry": {"type": "Point", "coordinates": [-121.961738, 37.365431]}}, {"type": "Feature", "properties": {"name": "60 Hudson", "operator": "60 Hudson Owner LLC", "city": "New York", "state": "NY", "networks": 29}, "geometry": {"type": "Point", "coordinates": [-74.008299, 40.717723]}}, {"type": "Feature", "properties": {"name": "EZ Network Systems", "operator": "EZ Network Systems", "city": "Stockton", "state": "CA", "networks": 1}, "geometry": {"type": "Point", "coordinates": [-121.289822, 37.990788]}}, {"type": "Feature", "properties": {"name": "Cologix MTL2", "operator": "Cologix, Inc.", "city": "Montreal", "state": "QC", "networks": 14}, "geometry": {"type": "Point", "coordinates": [-73.541312, 45.466944]}}, {"type": "Feature", "properties": {"name": "Cologix MTL6", "operator": "Cologix, Inc.", "city": "Saint-Laurent", "state": "QC", "networks": 2}, "geometry": {"type": "Point", "coordinates": [-73.760149, 45.482521]}}, {"type": "Feature", "properties": {"name": "Cologix MTL5", "operator": "Cologix, Inc.", "city": "Saint-Laurent", "state": "QC", "networks": 2}, "geometry": {"type": "Point", "coordinates": [-73.760602, 45.484249]}}, {"type": "Feature", "properties": {"name": "Global Server Center", "operator": "The Exchange Group", "city": "Winnipeg", "state": "MB", "networks": 27}, "geometry": {"type": "Point", "coordinates": [-97.136601, 49.896522]}}, {"type": "Feature", "properties": {"name": "DataBank Las Vegas (LAS1)", "operator": "DataBank, Ltd.", "city": "Las Vegas", "state": "NV", "networks": 11}, "geometry": {"type": "Point", "coordinates": [-115.145989, 36.059162]}}, {"type": "Feature", "properties": {"name": "Level(3) Newark", "operator": "Lumen Technologies Inc", "city": "Newark", "state": "NJ", "networks": 3}, "geometry": {"type": "Point", "coordinates": [-74.173402, 40.736844]}}, {"type": "Feature", "properties": {"name": "CoreSite - Santa Clara (SV4)", "operator": "CoreSite", "city": "Santa Clara", "state": "CA", "networks": 21}, "geometry": {"type": "Point", "coordinates": [-121.970705, 37.376259]}}, {"type": "Feature", "properties": {"name": "Level(3) Bellevue", "operator": "Lumen Technologies Inc", "city": "Bellevue", "state": "NE", "networks": 1}, "geometry": {"type": "Point", "coordinates": [-95.936099, 41.185518]}}, {"type": "Feature", "properties": {"name": "EXA Edge DC Halifax Landingstation", "operator": "EXA Infrastructure", "city": "Halifax", "state": "NS", "networks": 4}, "geometry": {"type": "Point", "coordinates": [-63.561509, 44.561793]}}, {"type": "Feature", "properties": {"name": "Level(3) Hayward", "operator": "Lumen Technologies Inc", "city": "Hayward", "state": "CA", "networks": 0}, "geometry": {"type": "Point", "coordinates": [-122.129908, 37.638508]}}, {"type": "Feature", "properties": {"name": "E-Solutions Data Fortress", "operator": "E-Solutions", "city": "Waterloo", "state": "", "networks": 2}, "geometry": {"type": "Point", "coordinates": [-80.535108, 43.499734]}}, {"type": "Feature", "properties": {"name": "Parsec", "operator": "Parsec Data Management, Inc", "city": "Billings", "state": "MT", "networks": 1}, "geometry": {"type": "Point", "coordinates": [-108.602984, 45.742945]}}, {"type": "Feature", "properties": {"name": "OneNet OSU Tulsa", "operator": "Oklahoma State Regents for Higher Education", "city": "Tulsa", "state": "OK", "networks": 2}, "geometry": {"type": "Point", "coordinates": [-95.987612, 36.163393]}}, {"type": "Feature", "properties": {"name": "ARE-ON Hope", "operator": "Arkansas Research and Education Optical Network (AREON)", "city": "Hope", "state": "AR", "networks": 2}, "geometry": {"type": "Point", "coordinates": [-93.600378, 33.664742]}}, {"type": "Feature", "properties": {"name": "ARE-ON Forrest City", "operator": "Arkansas Research and Education Optical Network (AREON)", "city": "Forrest City", "state": "AR", "networks": 1}, "geometry": {"type": "Point", "coordinates": [-90.768064, 35.040103]}}, {"type": "Feature", "properties": {"name": "CoreSite - Secaucus (NY2)", "operator": "CoreSite", "city": "Secaucus", "state": "NJ", "networks": 31}, "geometry": {"type": "Point", "coordinates": [-74.065119, 40.784501]}}, {"type": "Feature", "properties": {"name": "375 Pearl, Intergate.Manhattan", "operator": "Sabey Data Centers", "city": "New York", "state": "NY", "networks": 8}, "geometry": {"type": "Point", "coordinates": [-74.00142, 40.71096]}}, {"type": "Feature", "properties": {"name": "Sungard AS Sacramento", "operator": "Sungard Availability Services", "city": "Rancho Cordova", "state": "CA", "networks": 4}, "geometry": {"type": "Point", "coordinates": [-121.272635, 38.596081]}}, {"type": "Feature", "properties": {"name": "SITCO Evansville", "operator": "Sitco Business Solutions, LLC", "city": "Evansville", "state": "IN", "networks": 4}, "geometry": {"type": "Point", "coordinates": [-87.521467, 38.019934]}}, {"type": "Feature", "properties": {"name": "Northwestern University co-location facility", "operator": "710facility@ittns.northwestern.edu", "city": "Chicago", "state": "IL", "networks": 20}, "geometry": {"type": "Point", "coordinates": [-87.616861, 41.895233]}}, {"type": "Feature", "properties": {"name": "InfoBunker", "operator": "InfoBunker, L.L.C.", "city": "Boone", "state": "IA", "networks": 1}, "geometry": {"type": "Point", "coordinates": [-93.794162, 42.164903]}}, {"type": "Feature", "properties": {"name": "DataBank Miami (MIA1)", "operator": "DataBank, Ltd.", "city": "Miami", "state": "FL", "networks": 22}, "geometry": {"type": "Point", "coordinates": [-80.192959, 25.775811]}}, {"type": "Feature", "properties": {"name": "Data Foundry Texas 1", "operator": "Data Foundry, Inc.", "city": "Austin", "state": "TX", "networks": 15}, "geometry": {"type": "Point", "coordinates": [-97.713716, 30.198926]}}, {"type": "Feature", "properties": {"name": "Level(3) Austin (Kramer)", "operator": "Lumen Technologies Inc", "city": "Austin", "state": "TX", "networks": 0}, "geometry": {"type": "Point", "coordinates": [-97.70922, 30.385034]}}, {"type": "Feature", "properties": {"name": "Alpheus Houston (777 Walker Street)", "operator": "Alpheus Communications", "city": "Houston", "state": "TX", "networks": 2}, "geometry": {"type": "Point", "coordinates": [-95.366246, 29.75922]}}, {"type": "Feature", "properties": {"name": "CLT2", "operator": "LUMOS Networks, Inc.", "city": "Charlotte", "state": "NC", "networks": 7}, "geometry": {"type": "Point", "coordinates": [-80.938485, 35.193762]}}, {"type": "Feature", "properties": {"name": "SBA Edge, LLC", "operator": "SBA Edge, LLC", "city": "Chicago", "state": "IL", "networks": 16}, "geometry": {"type": "Point", "coordinates": [-88.248975, 41.875948]}}, {"type": "Feature", "properties": {"name": "Level(3) Atlanta (Peachtree)", "operator": "Lumen Technologies Inc", "city": "Atlanta", "state": "GA", "networks": 2}, "geometry": {"type": "Point", "coordinates": [-84.387873, 33.758573]}}, {"type": "Feature", "properties": {"name": "Level(3) Chicago (Kingsbury)", "operator": "Lumen Technologies Inc", "city": "Chicago", "state": "IL", "networks": 15}, "geometry": {"type": "Point", "coordinates": [-87.644642, 41.898951]}}, {"type": "Feature", "properties": {"name": "Level(3) Miami (5th St)", "operator": "Lumen Technologies Inc", "city": "Miami", "state": "FL", "networks": 1}, "geometry": {"type": "Point", "coordinates": [-80.192962, 25.779013]}}, {"type": "Feature", "properties": {"name": "Level(3) Herndon", "operator": "Lumen Technologies Inc", "city": "Herndon", "state": "VA", "networks": 1}, "geometry": {"type": "Point", "coordinates": [-77.382947, 38.964641]}}, {"type": "Feature", "properties": {"name": "Level(3) McLean", "operator": "Lumen Technologies Inc", "city": "McLean", "state": "VA", "networks": 9}, "geometry": {"type": "Point", "coordinates": [-77.212126, 38.920062]}}, {"type": "Feature", "properties": {"name": "Digital Realty New Jersey EWR10 (closed)", "operator": "Digital Realty", "city": "Weehawken", "state": "NJ", "networks": 4}, "geometry": {"type": "Point", "coordinates": [-74.025183, 40.761802]}}, {"type": "Feature", "properties": {"name": "DataBank Dallas (DFW6)", "operator": "DataBank, Ltd.", "city": "Dallas", "state": "TX", "networks": 7}, "geometry": {"type": "Point", "coordinates": [-96.865083, 32.838552]}}, {"type": "Feature", "properties": {"name": "HSW-DC1RH", "operator": "High Speed Web, Inc.", "city": "Rock Hill", "state": "SC", "networks": 2}, "geometry": {"type": "Point", "coordinates": [-81.021841, 34.92958]}}, {"type": "Feature", "properties": {"name": "Rogers Calgary DC2 (1313 10th Ave SW)", "operator": "Rogers Data Centres Inc.", "city": "Calgary", "state": "AB", "networks": 6}, "geometry": {"type": "Point", "coordinates": [-114.091989, 51.043863]}}, {"type": "Feature", "properties": {"name": "Rogers Calgary DC1 (Franklin Atrium)", "operator": "Rogers Data Centres Inc.", "city": "Calgary", "state": "AB", "networks": 2}, "geometry": {"type": "Point", "coordinates": [-113.990293, 51.055773]}}, {"type": "Feature", "properties": {"name": "LightPoint Corporation", "operator": "LightPoint Corporation", "city": "Portland", "state": "OR", "networks": 2}, "geometry": {"type": "Point", "coordinates": [-122.677878, 45.521436]}}, {"type": "Feature", "properties": {"name": "IC2NET Data Center", "operator": "IC2NET", "city": "Tustin", "state": "CA", "networks": 0}, "geometry": {"type": "Point", "coordinates": [-117.803253, 33.717178]}}, {"type": "Feature", "properties": {"name": "Northland Communications - Syracuse", "operator": "Northland Communications", "city": "Syracuse", "state": "NY", "networks": 1}, "geometry": {"type": "Point", "coordinates": [-76.152378, 43.043813]}}, {"type": "Feature", "properties": {"name": "Northland Communications - Utica", "operator": "Northland Communications", "city": "Utica", "state": "NY", "networks": 1}, "geometry": {"type": "Point", "coordinates": [-75.235426, 43.099765]}}, {"type": "Feature", "properties": {"name": "30 Duke Street West Kitchener Ontario", "operator": "Setman Group", "city": "Kitchener", "state": "ON", "networks": 0}, "geometry": {"type": "Point", "coordinates": [-80.489149, 43.451595]}}, {"type": "Feature", "properties": {"name": "NYI NY1 (100 William Street)", "operator": "New York Internet", "city": "New York", "state": "NY", "networks": 4}, "geometry": {"type": "Point", "coordinates": [-74.007201, 40.708383]}}, {"type": "Feature", "properties": {"name": "Host Color", "operator": "HostColor", "city": "New York", "state": "NY", "networks": 1}, "geometry": {"type": "Point", "coordinates": [-73.987667, 40.74463]}}, {"type": "Feature", "properties": {"name": "KIO Quer\u00e9taro 1 (QRO1)", "operator": "KIO", "city": "El Marques", "state": "Queretaro", "networks": 67}, "geometry": {"type": "Point", "coordinates": [-100.254141, 20.567915]}}, {"type": "Feature", "properties": {"name": "H5 Data Centers New York", "operator": "H5 Data Centers", "city": "New York", "state": "NY", "networks": 26}, "geometry": {"type": "Point", "coordinates": [-74.007703, 40.726868]}}, {"type": "Feature", "properties": {"name": "DataBank New York (LGA2)", "operator": "DataBank, Ltd.", "city": "New York", "state": "NY", "networks": 11}, "geometry": {"type": "Point", "coordinates": [-74.003387, 40.741469]}}, {"type": "Feature", "properties": {"name": "DataBank Newark (EWR1)", "operator": "DataBank, Ltd.", "city": "Newark", "state": "NJ", "networks": 13}, "geometry": {"type": "Point", "coordinates": [-74.173402, 40.736844]}}, {"type": "Feature", "properties": {"name": "WOW! Business (Columbus Datacenter)", "operator": "WideOpenWest Finance", "city": "Columbus", "state": "OH", "networks": 10}, "geometry": {"type": "Point", "coordinates": [-82.995434, 39.967631]}}, {"type": "Feature", "properties": {"name": "DC74-CLT1", "operator": "DC74 Data Centers", "city": "Charlotte", "state": "NC", "networks": 0}, "geometry": {"type": "Point", "coordinates": [-80.937263, 35.193902]}}, {"type": "Feature", "properties": {"name": "DC74-CLT4", "operator": "DC74 Data Centers", "city": "Charlotte", "state": "NC", "networks": 1}, "geometry": {"type": "Point", "coordinates": [-80.92639, 35.180076]}}, {"type": "Feature", "properties": {"name": "612 W Main", "operator": "Hoyos Consulting LLC", "city": "Madison", "state": "WI", "networks": 2}, "geometry": {"type": "Point", "coordinates": [-89.392409, 43.06776]}}, {"type": "Feature", "properties": {"name": "Telefonica KeyCenter", "operator": "Telefonica KeyCenter", "city": "Miami", "state": "FL", "networks": 2}, "geometry": {"type": "Point", "coordinates": [-80.379841, 25.796769]}}, {"type": "Feature", "properties": {"name": "Evocative SJC11", "operator": "VPLS", "city": "Santa Clara", "state": "CA", "networks": 9}, "geometry": {"type": "Point", "coordinates": [-121.962115, 37.389466]}}, {"type": "Feature", "properties": {"name": "DataBank Seattle (SEA1)", "operator": "DataBank, Ltd.", "city": "Seattle", "state": "WA", "networks": 4}, "geometry": {"type": "Point", "coordinates": [-122.338883, 47.614347]}}, {"type": "Feature", "properties": {"name": "EdgeConneX Denver (EDCDEN01)", "operator": "EdgeConneX Inc.", "city": "Englewood", "state": "CO", "networks": 8}, "geometry": {"type": "Point", "coordinates": [-104.826671, 39.561073]}}, {"type": "Feature", "properties": {"name": "Digital Realty IAD (43940 Digital Loudoun)", "operator": "Digital Realty", "city": "Ashburn", "state": "VA", "networks": 4}, "geometry": {"type": "Point", "coordinates": [-77.479198, 39.000821]}}, {"type": "Feature", "properties": {"name": "QTS Phoenix (PHX1)", "operator": "QTS Realty Trust, Inc.", "city": "Phoenix", "state": "AZ", "networks": 8}, "geometry": {"type": "Point", "coordinates": [-112.072042, 33.452003]}}, {"type": "Feature", "properties": {"name": "Cologix VAN2", "operator": "Cologix, Inc.", "city": "Vancouver", "state": "BC", "networks": 39}, "geometry": {"type": "Point", "coordinates": [-123.119579, 49.286981]}}, {"type": "Feature", "properties": {"name": "eStruxture MTL-1", "operator": "eStruxture Data Centers Inc.", "city": "Montreal", "state": "QC", "networks": 16}, "geometry": {"type": "Point", "coordinates": [-73.56192, 45.501394]}}, {"type": "Feature", "properties": {"name": "Montana Opticom", "operator": "Montana Opticom LLC", "city": "Bozeman", "state": "MT", "networks": 1}, "geometry": {"type": "Point", "coordinates": [-111.19004, 45.673641]}}, {"type": "Feature", "properties": {"name": "Iron Mountain Data Center - Denver (DEN-1)", "operator": "Iron Mountain Data Centers", "city": "Denver", "state": "CO", "networks": 8}, "geometry": {"type": "Point", "coordinates": [-104.968212, 39.777353]}}, {"type": "Feature", "properties": {"name": "EdgeConneX Houston (EDCHOU01)", "operator": "EdgeConneX Inc.", "city": "Katy", "state": "TX", "networks": 7}, "geometry": {"type": "Point", "coordinates": [-95.745149, 29.794579]}}, {"type": "Feature", "properties": {"name": "NEGMA Datacenter", "operator": "NEGMA Business Solutions, Inc", "city": "Farmers Branch", "state": "TX", "networks": 0}, "geometry": {"type": "Point", "coordinates": [-96.837348, 32.949582]}}, {"type": "Feature", "properties": {"name": "EdgeConneX Phoenix (EDCPHX01)", "operator": "EdgeConneX Inc.", "city": "Tempe", "state": "AZ", "networks": 41}, "geometry": {"type": "Point", "coordinates": [-111.97012, 33.395544]}}, {"type": "Feature", "properties": {"name": "EdgeConneX Las Vegas (EDCLAS01)", "operator": "EdgeConneX Inc.", "city": "Las Vegas", "state": "NV", "networks": 14}, "geometry": {"type": "Point", "coordinates": [-115.130816, 36.065272]}}, {"type": "Feature", "properties": {"name": "EdgeConneX Norfolk (EDCNOR01)", "operator": "EdgeConneX Inc.", "city": "Norfolk", "state": "VA", "networks": 7}, "geometry": {"type": "Point", "coordinates": [-76.235342, 36.86186]}}, {"type": "Feature", "properties": {"name": "EdgeConneX Portland (EDCPOR01)", "operator": "EdgeConneX Inc.", "city": "Hillsboro", "state": "OR", "networks": 25}, "geometry": {"type": "Point", "coordinates": [-122.907473, 45.548296]}}, {"type": "Feature", "properties": {"name": "EdgeConneX Miami (EDCMIA01)", "operator": "EdgeConneX Inc.", "city": "Miami", "state": "FL", "networks": 7}, "geometry": {"type": "Point", "coordinates": [-80.38119, 25.793016]}}, {"type": "Feature", "properties": {"name": "EdgeConneX Nashville (EDCNAS01)", "operator": "EdgeConneX Inc.", "city": "Nashville", "state": "TN", "networks": 5}, "geometry": {"type": "Point", "coordinates": [-86.701721, 36.144881]}}, {"type": "Feature", "properties": {"name": "EdgeConneX Pittsburgh (EDCPIT01)", "operator": "EdgeConneX Inc.", "city": "Pittsburgh", "state": "PA", "networks": 5}, "geometry": {"type": "Point", "coordinates": [-80.041515, 40.452221]}}, {"type": "Feature", "properties": {"name": "EdgeConneX Sacramento (EDCSAC01)", "operator": "EdgeConneX Inc.", "city": "Rancho Cordova", "state": "CA", "networks": 4}, "geometry": {"type": "Point", "coordinates": [-121.277389, 38.592346]}}, {"type": "Feature", "properties": {"name": "EdgeConneX Detroit (EDCDET01)", "operator": "EdgeConneX Inc.", "city": "Southfield", "state": "MI", "networks": 14}, "geometry": {"type": "Point", "coordinates": [-83.261226, 42.448537]}}, {"type": "Feature", "properties": {"name": "EdgeConneX San Diego (EDCSDG01)", "operator": "EdgeConneX Inc.", "city": "San Diego", "state": "CA", "networks": 8}, "geometry": {"type": "Point", "coordinates": [-117.168374, 32.84049]}}, {"type": "Feature", "properties": {"name": "EdgeConneX Atlanta (EDCATL01)", "operator": "EdgeConneX Inc.", "city": "Atlanta", "state": "GA", "networks": 12}, "geometry": {"type": "Point", "coordinates": [-84.420099, 33.729369]}}, {"type": "Feature", "properties": {"name": "EdgeConneX Memphis (EDCMEM01)", "operator": "EdgeConneX Inc.", "city": "Memphis", "state": "TN", "networks": 6}, "geometry": {"type": "Point", "coordinates": [-89.88623, 35.038995]}}, {"type": "Feature", "properties": {"name": "CME Cermak", "operator": "CME Group", "city": "Chicago", "state": "IL", "networks": 2}, "geometry": {"type": "Point", "coordinates": [-87.618342, 41.85365]}}, {"type": "Feature", "properties": {"name": "Lifeline Eastgate", "operator": "Lifeline Data Centers", "city": "Indianapolis", "state": "IN", "networks": 29}, "geometry": {"type": "Point", "coordinates": [-86.04275, 39.775998]}}, {"type": "Feature", "properties": {"name": "Cologix MTL3", "operator": "Cologix, Inc.", "city": "Montreal", "state": "QC", "networks": 84}, "geometry": {"type": "Point", "coordinates": [-73.570471, 45.497188]}}, {"type": "Feature", "properties": {"name": "Cologix MTL7", "operator": "Cologix, Inc.", "city": "Montreal", "state": "", "networks": 26}, "geometry": {"type": "Point", "coordinates": [-73.567788, 45.50234]}}, {"type": "Feature", "properties": {"name": "Cologix JAX1", "operator": "Cologix, Inc.", "city": "Jacksonville", "state": "FL", "networks": 34}, "geometry": {"type": "Point", "coordinates": [-81.66242, 30.331403]}}, {"type": "Feature", "properties": {"name": "Digital Realty MIA (36 NE 2nd St)", "operator": "Digital Realty", "city": "Miami", "state": "FL", "networks": 31}, "geometry": {"type": "Point", "coordinates": [-80.192959, 25.775811]}}, {"type": "Feature", "properties": {"name": "Level(3) Boise", "operator": "Lumen Technologies Inc", "city": "Boise", "state": "ID", "networks": 4}, "geometry": {"type": "Point", "coordinates": [-116.185889, 43.56619]}}, {"type": "Feature", "properties": {"name": "South Reach Networks", "operator": "South Reach Networks", "city": "Miami", "state": "FL", "networks": 9}, "geometry": {"type": "Point", "coordinates": [-80.193129, 25.775869]}}, {"type": "Feature", "properties": {"name": "Cologix MTL1", "operator": "Cologix, Inc.", "city": "Montreal", "state": "", "networks": 12}, "geometry": {"type": "Point", "coordinates": [-73.567217, 45.50255]}}, {"type": "Feature", "properties": {"name": "Wolfpaw Edmonton 1", "operator": "Wolfpaw Data Centres", "city": "Edmonton", "state": "AB", "networks": 6}, "geometry": {"type": "Point", "coordinates": [-113.492601, 53.541405]}}, {"type": "Feature", "properties": {"name": "LogInToUs, Inc.", "operator": "Nicholas J Brockway", "city": "Malone", "state": "NY", "networks": 0}, "geometry": {"type": "Point", "coordinates": [-74.294006, 44.861059]}}, {"type": "Feature", "properties": {"name": "MDC McAllen", "operator": "MDC Data Centers", "city": "McAllen", "state": "TX", "networks": 29}, "geometry": {"type": "Point", "coordinates": [-98.231633, 26.201918]}}, {"type": "Feature", "properties": {"name": "Laredo VTX", "operator": "Laredo VTX", "city": "Laredo", "state": "TX", "networks": 15}, "geometry": {"type": "Point", "coordinates": [-99.501483, 27.50656]}}, {"type": "Feature", "properties": {"name": "Netrality St. Louis - 210 N Tucker", "operator": "Netrality Data Centers", "city": "St. Louis", "state": "MO", "networks": 41}, "geometry": {"type": "Point", "coordinates": [-90.197305, 38.629332]}}, {"type": "Feature", "properties": {"name": "Level(3) Nashville (9th Ave)", "operator": "Lumen Technologies Inc", "city": "Nashville", "state": "TN", "networks": 1}, "geometry": {"type": "Point", "coordinates": [-86.804111, 36.189148]}}, {"type": "Feature", "properties": {"name": "Iron Mountain Data Center - Ohio (OHS-1)", "operator": "Iron Mountain Data Centers", "city": "Miamisburg", "state": "OH", "networks": 2}, "geometry": {"type": "Point", "coordinates": [-84.236385, 39.591093]}}, {"type": "Feature", "properties": {"name": "Iron Mountain Data Center - New Jersey (NJE-1)", "operator": "Iron Mountain Data Centers", "city": "Edison", "state": "NJ", "networks": 20}, "geometry": {"type": "Point", "coordinates": [-74.347384, 40.521083]}}, {"type": "Feature", "properties": {"name": "Evocative Emeryville (EM1)", "operator": "VPLS", "city": "Emeryville", "state": "CA", "networks": 3}, "geometry": {"type": "Point", "coordinates": [-122.293028, 37.847054]}}, {"type": "Feature", "properties": {"name": "365 Data Centers New York (NY10)", "operator": "365 Data Centers", "city": "New York", "state": "NY", "networks": 10}, "geometry": {"type": "Point", "coordinates": [-74.012583, 40.707335]}}, {"type": "Feature", "properties": {"name": "365 Data Centers Philadelphia (PH2)", "operator": "365 Data Centers", "city": "Philadelphia", "state": "PA", "networks": 6}, "geometry": {"type": "Point", "coordinates": [-75.196511, 39.956611]}}, {"type": "Feature", "properties": {"name": "Netrality - Indy Telcom Center - 701 W. Henry", "operator": "Netrality Data Centers", "city": "Indianapolis", "state": "IN", "networks": 21}, "geometry": {"type": "Point", "coordinates": [-86.170711, 39.759534]}}, {"type": "Feature", "properties": {"name": "365 Data Centers Detroit (DT1)", "operator": "365 Data Centers", "city": "Southfield", "state": "MI", "networks": 9}, "geometry": {"type": "Point", "coordinates": [-83.259651, 42.469879]}}, {"type": "Feature", "properties": {"name": "Wintek Corporation", "operator": "Wintek Corporation", "city": "Lafayette", "state": "IN", "networks": 0}, "geometry": {"type": "Point", "coordinates": [-86.890366, 40.421474]}}, {"type": "Feature", "properties": {"name": "NETRIX - MTP", "operator": "Netrix LLC", "city": "Mount Prospect", "state": "IL", "networks": 1}, "geometry": {"type": "Point", "coordinates": [-87.915633, 42.078163]}}, {"type": "Feature", "properties": {"name": "NETRIX - ALSIP", "operator": "Netrix, LLC", "city": "Alsip", "state": "IL", "networks": 1}, "geometry": {"type": "Point", "coordinates": [-87.746531, 41.662716]}}, {"type": "Feature", "properties": {"name": "NETRIX - BBN", "operator": "Netrix, LLC", "city": "Bannockburn", "state": "IL", "networks": 1}, "geometry": {"type": "Point", "coordinates": [-87.883783, 42.202902]}}, {"type": "Feature", "properties": {"name": "DataBank Philadelphia (PHL1)", "operator": "DataBank, Ltd.", "city": "Philadelphia", "state": "PA", "networks": 5}, "geometry": {"type": "Point", "coordinates": [-75.161014, 39.959612]}}, {"type": "Feature", "properties": {"name": "Pixel Factory Data Center", "operator": "Pixel Factory Data Center", "city": "Ashland", "state": "VA", "networks": 11}, "geometry": {"type": "Point", "coordinates": [-77.436436, 37.698641]}}, {"type": "Feature", "properties": {"name": "EdgeConneX Boston (EDCBOS01)", "operator": "EdgeConneX Inc.", "city": "Billerica", "state": "MA", "networks": 5}, "geometry": {"type": "Point", "coordinates": [-71.249495, 42.528505]}}, {"type": "Feature", "properties": {"name": "EdgeConneX Tallahassee (EDCTAL01)", "operator": "EdgeConneX Inc.", "city": "Tallahassee", "state": "FL", "networks": 3}, "geometry": {"type": "Point", "coordinates": [-84.353232, 30.471969]}}, {"type": "Feature", "properties": {"name": "EdgeConneX Richmond (EDCRIC01)", "operator": "EdgeConneX Inc.", "city": "Richmond", "state": "VA", "networks": 3}, "geometry": {"type": "Point", "coordinates": [-77.467703, 37.638915]}}, {"type": "Feature", "properties": {"name": "EdgeConneX Jacksonville (EDCJAX01)", "operator": "EdgeConneX Inc.", "city": "Jacksonville", "state": "FL", "networks": 6}, "geometry": {"type": "Point", "coordinates": [-81.604183, 30.254238]}}, {"type": "Feature", "properties": {"name": "EdgeConneX Salt Lake City (EDCSLC01)", "operator": "EdgeConneX Inc.", "city": "Salt Lake City", "state": "UT", "networks": 18}, "geometry": {"type": "Point", "coordinates": [-111.984927, 40.720873]}}, {"type": "Feature", "properties": {"name": "EdgeConneX Seattle (EDCSEA01)", "operator": "EdgeConneX Inc.", "city": "Tukwila", "state": "WA", "networks": 8}, "geometry": {"type": "Point", "coordinates": [-122.289962, 47.498209]}}, {"type": "Feature", "properties": {"name": "FiberCloud-Westin1809", "operator": "Fibercloud", "city": "Seattle", "state": "WA", "networks": 0}, "geometry": {"type": "Point", "coordinates": [-122.338864, 47.614358]}}, {"type": "Feature", "properties": {"name": "FiberCloud-Westin3205", "operator": "Fibercloud", "city": "Seattle", "state": "WA", "networks": 0}, "geometry": {"type": "Point", "coordinates": [-122.338864, 47.614358]}}, {"type": "Feature", "properties": {"name": "123.NET - DC1 - 24700 Northwestern Hwy.", "operator": "123.Net, LLC.", "city": "Southfield", "state": "MI", "networks": 60}, "geometry": {"type": "Point", "coordinates": [-83.238056, 42.471634]}}, {"type": "Feature", "properties": {"name": "H5 Data Centers Tampa", "operator": "H5 Data Centers", "city": "Tampa", "state": "FL", "networks": 30}, "geometry": {"type": "Point", "coordinates": [-82.458396, 27.949508]}}, {"type": "Feature", "properties": {"name": "H5 Data Centers Buffalo III", "operator": "H5 Data Centers", "city": "Buffalo", "state": "NY", "networks": 9}, "geometry": {"type": "Point", "coordinates": [-78.875707, 42.88427]}}, {"type": "Feature", "properties": {"name": "TierPoint Hawthorne (fka Xand)", "operator": "TierPoint, LLC", "city": "Hawthorne", "state": "NY", "networks": 5}, "geometry": {"type": "Point", "coordinates": [-73.815224, 41.088318]}}, {"type": "Feature", "properties": {"name": "Netrality Philadelphia - 401 N Broad", "operator": "Netrality Data Centers", "city": "Philadelphia", "state": "PA", "networks": 50}, "geometry": {"type": "Point", "coordinates": [-75.161752, 39.959889]}}, {"type": "Feature", "properties": {"name": "833 Chestnut Street", "operator": "HCP Inc.", "city": "Philadelphia", "state": "PA", "networks": 0}, "geometry": {"type": "Point", "coordinates": [-75.154973, 39.949905]}}, {"type": "Feature", "properties": {"name": "H5 Data Centers Philadelphia (PA01)", "operator": "H5 Data Centers", "city": "Philadelphia", "state": "PA", "networks": 5}, "geometry": {"type": "Point", "coordinates": [-75.163736, 39.962351]}}, {"type": "Feature", "properties": {"name": "O-NET ABOL1 CO", "operator": "O-NET", "city": "Olds", "state": "AB", "networks": 1}, "geometry": {"type": "Point", "coordinates": [-114.112421, 51.790478]}}, {"type": "Feature", "properties": {"name": "Cronomagic Canada Inc", "operator": "Cronomagic", "city": "Montreal", "state": "QC", "networks": 1}, "geometry": {"type": "Point", "coordinates": [-73.66144, 45.508927]}}, {"type": "Feature", "properties": {"name": "SD Data Center", "operator": "SD Data Center", "city": "Melbourne", "state": "FL", "networks": 3}, "geometry": {"type": "Point", "coordinates": [-80.694858, 28.259162]}}, {"type": "Feature", "properties": {"name": "Digital Fortress (SEA)", "operator": "Digital Fortress", "city": "Seattle", "state": "WA", "networks": 8}, "geometry": {"type": "Point", "coordinates": [-122.356693, 47.617781]}}, {"type": "Feature", "properties": {"name": "Digital Fortress (TUK)", "operator": "Digital Fortress", "city": "Tukwila", "state": "WA", "networks": 11}, "geometry": {"type": "Point", "coordinates": [-122.29441, 47.494136]}}, {"type": "Feature", "properties": {"name": "Claro SJU-01", "operator": "Claro-PRTC", "city": "San Juan", "state": "PR", "networks": 0}, "geometry": {"type": "Point", "coordinates": [-66.097187, 18.415725]}}, {"type": "Feature", "properties": {"name": "Claro Puerto Rico", "operator": "Claro Puerto Rico", "city": "San Juan", "state": "Puerto Rico", "networks": 3}, "geometry": {"type": "Point", "coordinates": [-66.078878, 18.416016]}}, {"type": "Feature", "properties": {"name": "TierPoint Omaha - Midlands", "operator": "TierPoint, LLC", "city": "Papillion", "state": "NE", "networks": 4}, "geometry": {"type": "Point", "coordinates": [-96.039042, 41.134508]}}, {"type": "Feature", "properties": {"name": "Flexential - Dallas/Downtown (DAL01)", "operator": "Flexential Corp.", "city": "Dallas", "state": "TX", "networks": 12}, "geometry": {"type": "Point", "coordinates": [-96.819412, 32.800748]}}, {"type": "Feature", "properties": {"name": "201 Portage", "operator": "Havard Management", "city": "Winnipeg", "state": "MB", "networks": 0}, "geometry": {"type": "Point", "coordinates": [-97.139307, 49.895732]}}, {"type": "Feature", "properties": {"name": "CyrusOne NJ-1", "operator": "CyrusOne Inc.", "city": "Somerset", "state": "NJ", "networks": 3}, "geometry": {"type": "Point", "coordinates": [-74.546019, 40.538224]}}, {"type": "Feature", "properties": {"name": "CyrusOne NC-1", "operator": "CyrusOne Inc.", "city": "Durham", "state": "NC", "networks": 6}, "geometry": {"type": "Point", "coordinates": [-78.879943, 35.936339]}}, {"type": "Feature", "properties": {"name": "Psychz Networks LAX1", "operator": "Psychz Networks", "city": "Los Angeles", "state": "CA", "networks": 9}, "geometry": {"type": "Point", "coordinates": [-118.257528, 34.048684]}}, {"type": "Feature", "properties": {"name": "230 Congress", "operator": "RTE Group, Inc.", "city": "Boston", "state": "MA", "networks": 0}, "geometry": {"type": "Point", "coordinates": [-71.054087, 42.354552]}}, {"type": "Feature", "properties": {"name": "DataBank Denver (DEN2)", "operator": "DataBank, Ltd.", "city": "Centennial", "state": "CO", "networks": 7}, "geometry": {"type": "Point", "coordinates": [-104.846748, 39.591303]}}, {"type": "Feature", "properties": {"name": "Equinix TR2 - Toronto", "operator": "Equinix, Inc.", "city": "Toronto", "state": "ON", "networks": 86}, "geometry": {"type": "Point", "coordinates": [-79.361951, 43.650854]}}, {"type": "Feature", "properties": {"name": "Root Data Center MTL-R1", "operator": "Root Data Center", "city": "Montreal", "state": "QC", "networks": 1}, "geometry": {"type": "Point", "coordinates": [-73.6437, 45.438899]}}, {"type": "Feature", "properties": {"name": "Flexential - Phoenix (PHX01)", "operator": "Flexential Corp.", "city": "Phoenix", "state": "AZ", "networks": 4}, "geometry": {"type": "Point", "coordinates": [-112.098312, 33.684671]}}, {"type": "Feature", "properties": {"name": "Telehouse Toronto (250 Front St West)", "operator": "Telehouse - Global Data Centers", "city": "Toronto", "state": "ON", "networks": 6}, "geometry": {"type": "Point", "coordinates": [-79.388702, 43.644748]}}, {"type": "Feature", "properties": {"name": "SoVerNet Burlington", "operator": "SoVerNet", "city": "Burlington", "state": "VT", "networks": 1}, "geometry": {"type": "Point", "coordinates": [-73.213218, 44.479557]}}, {"type": "Feature", "properties": {"name": "NETWORK ACCESS POINT DEL CARIBE (PCSD)", "operator": "NAP del Caribe", "city": "La Caleta", "state": "Santo Domingo Province", "networks": 6}, "geometry": {"type": "Point", "coordinates": [-69.662709, 18.451241]}}, {"type": "Feature", "properties": {"name": "Simply Bits DC1", "operator": "Simply Bits, LLC", "city": "Tucson", "state": "AZ", "networks": 2}, "geometry": {"type": "Point", "coordinates": [-110.956748, 32.205098]}}, {"type": "Feature", "properties": {"name": "DataBank Boston (BOS1)", "operator": "DataBank, Ltd.", "city": "Boston", "state": "MA", "networks": 4}, "geometry": {"type": "Point", "coordinates": [-71.060271, 42.354699]}}, {"type": "Feature", "properties": {"name": "Digital Realty BOS14 - Boston", "operator": "Digital Realty", "city": "Needham", "state": "MA", "networks": 8}, "geometry": {"type": "Point", "coordinates": [-71.219029, 42.301316]}}, {"type": "Feature", "properties": {"name": "Equinix DA6 - Dallas", "operator": "Equinix, Inc.", "city": "Dallas", "state": "TX", "networks": 79}, "geometry": {"type": "Point", "coordinates": [-96.819412, 32.800748]}}, {"type": "Feature", "properties": {"name": "Colo@ (Buckhead)", "operator": "Performive", "city": "Atlanta", "state": "GA", "networks": 0}, "geometry": {"type": "Point", "coordinates": [-84.372429, 33.83887]}}, {"type": "Feature", "properties": {"name": "Atlanta Tech Village", "operator": "Performive", "city": "Atlanta", "state": "GA", "networks": 1}, "geometry": {"type": "Point", "coordinates": [-84.373313, 33.848673]}}, {"type": "Feature", "properties": {"name": "GIP Plano", "operator": "Global IP Networks, Inc.", "city": "Plano", "state": "TX", "networks": 4}, "geometry": {"type": "Point", "coordinates": [-96.683109, 33.012213]}}, {"type": "Feature", "properties": {"name": "Rack and Data", "operator": "Rack and Data", "city": "Kitchener", "state": "ON", "networks": 2}, "geometry": {"type": "Point", "coordinates": [-80.473773, 43.423568]}}, {"type": "Feature", "properties": {"name": "Manitoba Hydro Telecom Data Centre", "operator": "Manitoba Hydro Telecom", "city": "Winnipeg", "state": "MB", "networks": 6}, "geometry": {"type": "Point", "coordinates": [-97.146307, 49.892296]}}, {"type": "Feature", "properties": {"name": "UFN Kearns", "operator": "Utah Fiber Network", "city": "Salt Lake City", "state": "UT", "networks": 3}, "geometry": {"type": "Point", "coordinates": [-111.891494, 40.766212]}}, {"type": "Feature", "properties": {"name": "CyrusOne Sterling", "operator": "CyrusOne Inc.", "city": "Sterling", "state": "VA", "networks": 9}, "geometry": {"type": "Point", "coordinates": [-77.41381, 39.025827]}}, {"type": "Feature", "properties": {"name": "Stream Data Centers - San Antonio II", "operator": "Stream Data Centers", "city": "San Antonio", "state": "TX", "networks": 2}, "geometry": {"type": "Point", "coordinates": [-98.671576, 29.471741]}}, {"type": "Feature", "properties": {"name": "RSA Dexter Avenue Datacenter", "operator": "Retirement Systems of Alabama (RSA)", "city": "Montgomery", "state": "AL", "networks": 11}, "geometry": {"type": "Point", "coordinates": [-86.303007, 32.37803]}}, {"type": "Feature", "properties": {"name": "Gafachi 1 West Main Rochester", "operator": "Gafachi", "city": "Rochester", "state": "NY", "networks": 0}, "geometry": {"type": "Point", "coordinates": [-77.612713, 43.155428]}}, {"type": "Feature", "properties": {"name": "Cologix MIN2", "operator": "Cologix, Inc.", "city": "Minneapolis", "state": "MN", "networks": 17}, "geometry": {"type": "Point", "coordinates": [-93.254494, 44.971385]}}, {"type": "Feature", "properties": {"name": "Vaultas", "operator": "Vaultas, Inc.", "city": "Milwaukee", "state": "WI", "networks": 0}, "geometry": {"type": "Point", "coordinates": [-87.910189, 43.044997]}}, {"type": "Feature", "properties": {"name": "Data Foundry Austin 1", "operator": "Data Foundry, Inc.", "city": "Austin", "state": "TX", "networks": 3}, "geometry": {"type": "Point", "coordinates": [-97.695071, 30.215259]}}, {"type": "Feature", "properties": {"name": "Data Foundry Houston 1", "operator": "Data Foundry, Inc.", "city": "Houston", "state": "TX", "networks": 3}, "geometry": {"type": "Point", "coordinates": [-95.471792, 29.749429]}}, {"type": "Feature", "properties": {"name": "Data Foundry Houston 2", "operator": "Data Foundry, Inc.", "city": "Houston", "state": "TX", "networks": 12}, "geometry": {"type": "Point", "coordinates": [-95.424212, 29.945145]}}, {"type": "Feature", "properties": {"name": "TriTech Center", "operator": "DCI Technology Minneapolis, LLC", "city": "Minneapolis", "state": "MN", "networks": 2}, "geometry": {"type": "Point", "coordinates": [-93.266407, 44.97859]}}, {"type": "Feature", "properties": {"name": "CyrusOne Austin (Met 3)", "operator": "CyrusOne Inc.", "city": "Austin", "state": "TX", "networks": 1}, "geometry": {"type": "Point", "coordinates": [-97.700668, 30.207107]}}, {"type": "Feature", "properties": {"name": "CyrusOne Wappingers Falls", "operator": "CyrusOne Inc.", "city": "Wappingers Falls", "state": "NY", "networks": 0}, "geometry": {"type": "Point", "coordinates": [-73.882221, 41.599043]}}, {"type": "Feature", "properties": {"name": "CyrusOne Totowa", "operator": "CyrusOne Inc.", "city": "Totowa", "state": "NJ", "networks": 3}, "geometry": {"type": "Point", "coordinates": [-74.242258, 40.907217]}}, {"type": "Feature", "properties": {"name": "CyrusOne Norwalk", "operator": "CyrusOne Inc.", "city": "Norwalk", "state": "CT", "networks": 3}, "geometry": {"type": "Point", "coordinates": [-73.39827, 41.110989]}}, {"type": "Feature", "properties": {"name": "QTS Richmond (RIC1)", "operator": "QTS Realty Trust, Inc.", "city": "Sandston", "state": "VA", "networks": 22}, "geometry": {"type": "Point", "coordinates": [-77.244177, 37.488073]}}, {"type": "Feature", "properties": {"name": "Cologix TOR2", "operator": "Cologix, Inc.", "city": "Toronto", "state": "ON", "networks": 12}, "geometry": {"type": "Point", "coordinates": [-79.412275, 43.641667]}}, {"type": "Feature", "properties": {"name": "Cologix DAL1", "operator": "Cologix, Inc.", "city": "Dallas", "state": "TX", "networks": 24}, "geometry": {"type": "Point", "coordinates": [-96.819412, 32.800748]}}, {"type": "Feature", "properties": {"name": "Cologix DAL2", "operator": "Cologix, Inc.", "city": "Dallas", "state": "TX", "networks": 10}, "geometry": {"type": "Point", "coordinates": [-96.819412, 32.800748]}}, {"type": "Feature", "properties": {"name": "Cologix COL1", "operator": "Cologix, Inc.", "city": "Columbus", "state": "OH", "networks": 30}, "geometry": {"type": "Point", "coordinates": [-83.001985, 40.116491]}}, {"type": "Feature", "properties": {"name": "Cologix COL2", "operator": "Cologix, Inc.", "city": "Columbus", "state": "OH", "networks": 25}, "geometry": {"type": "Point", "coordinates": [-83.001985, 40.116491]}}, {"type": "Feature", "properties": {"name": "Cologix JAX2", "operator": "Cologix, Inc.", "city": "Jacksonville", "state": "FL", "networks": 6}, "geometry": {"type": "Point", "coordinates": [-81.613866, 30.273221]}}, {"type": "Feature", "properties": {"name": "Cologix LAK1", "operator": "Cologix, Inc.", "city": "Lakeland", "state": "FL", "networks": 3}, "geometry": {"type": "Point", "coordinates": [-81.975179, 28.079624]}}, {"type": "Feature", "properties": {"name": "Flexential - Cincinnati (CIN1/2)", "operator": "Flexential Corp.", "city": "West Chester", "state": "OH", "networks": 2}, "geometry": {"type": "Point", "coordinates": [-84.450172, 39.316449]}}, {"type": "Feature", "properties": {"name": "Goyeau Data Centre", "operator": "Managed Network Systems Inc.", "city": "Windsor", "state": "ON", "networks": 2}, "geometry": {"type": "Point", "coordinates": [-83.030265, 42.306627]}}, {"type": "Feature", "properties": {"name": "Level(3) Charlotte", "operator": "Lumen Technologies Inc", "city": "Charlotte", "state": "NC", "networks": 0}, "geometry": {"type": "Point", "coordinates": [-80.928126, 35.17868]}}, {"type": "Feature", "properties": {"name": "ERC Broadband", "operator": "ERC Broadband", "city": "Asheville", "state": "NC", "networks": 6}, "geometry": {"type": "Point", "coordinates": [-82.55792, 35.594066]}}, {"type": "Feature", "properties": {"name": "City of Calgary - City Hall", "operator": "The City of Calgary", "city": "Calgary", "state": "AB", "networks": 4}, "geometry": {"type": "Point", "coordinates": [-114.056326, 51.04551]}}, {"type": "Feature", "properties": {"name": "Lightboard \u2605 Massachusetts", "operator": "RJ Greeley Company", "city": "Springfield", "state": "MA", "networks": 9}, "geometry": {"type": "Point", "coordinates": [-72.575141, 42.109443]}}, {"type": "Feature", "properties": {"name": "Stack Infrastructure Portland PORO2", "operator": "Stack Infrastructure", "city": "Hillsboro", "state": "OR", "networks": 9}, "geometry": {"type": "Point", "coordinates": [-122.897906, 45.547403]}}, {"type": "Feature", "properties": {"name": "Openface DC2", "operator": "Openface Internet Inc., Colocation Operations Div.", "city": "Montreal", "state": "QC", "networks": 1}, "geometry": {"type": "Point", "coordinates": [-73.572188, 45.508948]}}, {"type": "Feature", "properties": {"name": "EdgeConneX Santa Clara (EDCSVC01/EDCSVC02)", "operator": "EdgeConneX Inc.", "city": "Santa Clara", "state": "CA", "networks": 7}, "geometry": {"type": "Point", "coordinates": [-121.958865, 37.36437]}}, {"type": "Feature", "properties": {"name": "DataSite, Boise", "operator": "DataSite", "city": "Boise", "state": "ID", "networks": 0}, "geometry": {"type": "Point", "coordinates": [-116.303601, 43.606214]}}, {"type": "Feature", "properties": {"name": "Lunavi - Westin1809", "operator": "Lunavi, Inc.", "city": "Seattle", "state": "WA", "networks": 3}, "geometry": {"type": "Point", "coordinates": [-122.338883, 47.614347]}}, {"type": "Feature", "properties": {"name": "Lunavi - Westin1969", "operator": "Lunavi, Inc.", "city": "Seattle", "state": "WA", "networks": 1}, "geometry": {"type": "Point", "coordinates": [-122.338883, 47.614347]}}, {"type": "Feature", "properties": {"name": "Lunavi - Westin3205", "operator": "Lunavi, Inc.", "city": "Seattle", "state": "WA", "networks": 1}, "geometry": {"type": "Point", "coordinates": [-122.338883, 47.614347]}}, {"type": "Feature", "properties": {"name": "Flexential - Denver/Aurora (DEN03)", "operator": "Flexential Corp.", "city": "Aurora", "state": "CO", "networks": 15}, "geometry": {"type": "Point", "coordinates": [-104.849813, 39.66107]}}, {"type": "Feature", "properties": {"name": "Flexential - Denver/Englewood (DEN11)", "operator": "Flexential Corp.", "city": "Englewood", "state": "CO", "networks": 8}, "geometry": {"type": "Point", "coordinates": [-104.8386, 39.559047]}}, {"type": "Feature", "properties": {"name": "Flexential - Minneapolis/Chaska (MSP01)", "operator": "Flexential Corp.", "city": "Chaska", "state": "MN", "networks": 6}, "geometry": {"type": "Point", "coordinates": [-93.599549, 44.851292]}}, {"type": "Feature", "properties": {"name": "Flexential - Las Vegas/Downtown (LAS03)", "operator": "Flexential Corp.", "city": "Las Vegas", "state": "NV", "networks": 6}, "geometry": {"type": "Point", "coordinates": [-115.143561, 36.168644]}}, {"type": "Feature", "properties": {"name": "Flexential - Las Vegas/Downtown (LAS05)", "operator": "Flexential Corp.", "city": "Las Vegas", "state": "NV", "networks": 2}, "geometry": {"type": "Point", "coordinates": [-115.143126, 36.168333]}}, {"type": "Feature", "properties": {"name": "Flexential - Las Vegas/North (LAS04)", "operator": "Flexential Corp.", "city": "North Las Vegas", "state": "NV", "networks": 10}, "geometry": {"type": "Point", "coordinates": [-115.101272, 36.248009]}}, {"type": "Feature", "properties": {"name": "Flexential - Portland/Hillsboro (PDX01)", "operator": "Flexential Corp.", "city": "Hillsboro", "state": "OR", "networks": 10}, "geometry": {"type": "Point", "coordinates": [-122.891445, 45.54845]}}, {"type": "Feature", "properties": {"name": "Flexential - Salt Lake City/Downtown (SLC04)", "operator": "Flexential Corp.", "city": "Salt Lake City", "state": "UT", "networks": 25}, "geometry": {"type": "Point", "coordinates": [-111.954307, 40.756302]}}, {"type": "Feature", "properties": {"name": "Flexential - Portland/Hillsboro 2 (PDX02)", "operator": "Flexential Corp.", "city": "Hillsboro", "state": "OR", "networks": 23}, "geometry": {"type": "Point", "coordinates": [-122.917023, 45.557854]}}, {"type": "Feature", "properties": {"name": "Flexential - Denver/Centennial (DEN05)", "operator": "Flexential Corp.", "city": "Centennial", "state": "CO", "networks": 3}, "geometry": {"type": "Point", "coordinates": [-104.843142, 39.594144]}}, {"type": "Feature", "properties": {"name": "Flexential - Denver/Downtown (DEN02)", "operator": "Flexential Corp.", "city": "Denver", "state": "CO", "networks": 5}, "geometry": {"type": "Point", "coordinates": [-104.994399, 39.745765]}}, {"type": "Feature", "properties": {"name": "Flexential - Dallas/Richardson (RCH01)", "operator": "Flexential Corp.", "city": "Richardson", "state": "TX", "networks": 4}, "geometry": {"type": "Point", "coordinates": [-96.756242, 32.993304]}}, {"type": "Feature", "properties": {"name": "Flexential - Salt Lake City/Lindon (SLC03)", "operator": "Flexential Corp.", "city": "Lindon", "state": "UT", "networks": 4}, "geometry": {"type": "Point", "coordinates": [-111.728052, 40.332493]}}, {"type": "Feature", "properties": {"name": "Flexential - Salt Lake City/Cottonwood (SLC05)", "operator": "Flexential Corp.", "city": "Salt Lake City", "state": "UT", "networks": 1}, "geometry": {"type": "Point", "coordinates": [-111.805979, 40.634811]}}, {"type": "Feature", "properties": {"name": "Flexential - Salt Lake City/Fairpark (SLC07)", "operator": "Flexential Corp.", "city": "Salt Lake City", "state": "UT", "networks": 3}, "geometry": {"type": "Point", "coordinates": [-111.920263, 40.766785]}}, {"type": "Feature", "properties": {"name": "Flexential - Salt Lake City/South Valley (SLC09)", "operator": "Flexential Corp.", "city": "West Jordan", "state": "UT", "networks": 3}, "geometry": {"type": "Point", "coordinates": [-111.984644, 40.620556]}}, {"type": "Feature", "properties": {"name": "Flexential - Salt Lake City/Millcreek (SLC10)", "operator": "Flexential Corp.", "city": "Salt Lake City", "state": "UT", "networks": 2}, "geometry": {"type": "Point", "coordinates": [-111.885063, 40.685494]}}, {"type": "Feature", "properties": {"name": "DataBank Dallas (DFW5)", "operator": "DataBank, Ltd.", "city": "Dallas", "state": "TX", "networks": 17}, "geometry": {"type": "Point", "coordinates": [-96.819412, 32.800748]}}, {"type": "Feature", "properties": {"name": "Cologix NNJ2", "operator": "Cologix, Inc.", "city": "Cedar Knolls", "state": "NJ", "networks": 3}, "geometry": {"type": "Point", "coordinates": [-74.448794, 40.831821]}}, {"type": "Feature", "properties": {"name": "Cologix NNJ3", "operator": "Cologix, Inc.", "city": "Parsippany", "state": "NJ", "networks": 7}, "geometry": {"type": "Point", "coordinates": [-74.418907, 40.857084]}}, {"type": "Feature", "properties": {"name": "Alpheus Austin (1905 E. 6th Street)", "operator": "Alpheus Communications", "city": "Austin", "state": "TX", "networks": 2}, "geometry": {"type": "Point", "coordinates": [-97.722123, 30.261059]}}, {"type": "Feature", "properties": {"name": "Voonami SLC2", "operator": "Voonami, Inc.", "city": "West Valley City", "state": "UT", "networks": 4}, "geometry": {"type": "Point", "coordinates": [-111.984927, 40.720873]}}, {"type": "Feature", "properties": {"name": "Voonami SLC1", "operator": "Voonami, Inc.", "city": "Orem", "state": "UT", "networks": 1}, "geometry": {"type": "Point", "coordinates": [-111.681642, 40.326235]}}, {"type": "Feature", "properties": {"name": "DRFortress HNL", "operator": "DRFortress LLC", "city": "Honolulu", "state": "HI", "networks": 26}, "geometry": {"type": "Point", "coordinates": [-157.917855, 21.335678]}}, {"type": "Feature", "properties": {"name": "ACT Cheyenne", "operator": "Advanced Communications Technology", "city": "Cheyenne", "state": "", "networks": 6}, "geometry": {"type": "Point", "coordinates": [-104.900887, 41.131025]}}, {"type": "Feature", "properties": {"name": "ACT Wheatland", "operator": "Advanced Communications Technology", "city": "Wheatland", "state": "WY", "networks": 1}, "geometry": {"type": "Point", "coordinates": [-104.963884, 42.045087]}}, {"type": "Feature", "properties": {"name": "ACT Douglas", "operator": "Advanced Communications Technology", "city": "Douglas", "state": "WY", "networks": 2}, "geometry": {"type": "Point", "coordinates": [-105.338279, 42.734225]}}, {"type": "Feature", "properties": {"name": "ACT Casper", "operator": "Advanced Communications Technology", "city": "Casper", "state": "WY", "networks": 2}, "geometry": {"type": "Point", "coordinates": [-106.319088, 42.852917]}}, {"type": "Feature", "properties": {"name": "ACT Riverton", "operator": "Advanced Communications Technology", "city": "Riverton", "state": "WY", "networks": 1}, "geometry": {"type": "Point", "coordinates": [-108.3816, 43.023952]}}, {"type": "Feature", "properties": {"name": "ACT Gillette", "operator": "Advanced Communications Technology", "city": "Gillette", "state": "WY", "networks": 1}, "geometry": {"type": "Point", "coordinates": [-105.504717, 44.246829]}}, {"type": "Feature", "properties": {"name": "ACT Buffalo", "operator": "Advanced Communications Technology", "city": "Buffalo", "state": "WY", "networks": 1}, "geometry": {"type": "Point", "coordinates": [-106.696638, 44.354194]}}, {"type": "Feature", "properties": {"name": "ACT Sheridan", "operator": "Advanced Communications Technology", "city": "Sheridan", "state": "WY", "networks": 1}, "geometry": {"type": "Point", "coordinates": [-106.955883, 44.797251]}}, {"type": "Feature", "properties": {"name": "ACT Colstrip", "operator": "Advanced Communications Technology", "city": "Colstrip", "state": "MT", "networks": 1}, "geometry": {"type": "Point", "coordinates": [-106.618344, 45.89347]}}, {"type": "Feature", "properties": {"name": "Equinix TR4 - Toronto (formerly Q9 Toronto 2/3/4)", "operator": "Equinix, Inc.", "city": "Toronto", "state": "", "networks": 4}, "geometry": {"type": "Point", "coordinates": [-79.382225, 43.64678]}}, {"type": "Feature", "properties": {"name": "Digital Realty SJC (2805 Lafayette)", "operator": "Digital Realty", "city": "Santa Clara", "state": "CA", "networks": 4}, "geometry": {"type": "Point", "coordinates": [-121.947955, 37.372597]}}, {"type": "Feature", "properties": {"name": "Digital Realty LAX (2260 E El Segundo)", "operator": "Digital Realty", "city": "El Segundo", "state": "CA", "networks": 8}, "geometry": {"type": "Point", "coordinates": [-118.384725, 33.915663]}}, {"type": "Feature", "properties": {"name": "325 Delaware Ave", "operator": "The Benchmark Group", "city": "Buffalo", "state": "NY", "networks": 3}, "geometry": {"type": "Point", "coordinates": [-78.875279, 42.893011]}}, {"type": "Feature", "properties": {"name": "Forsythe Data Centers", "operator": "Forsythe Data Centers", "city": "Elk Grove Village", "state": "IL", "networks": 0}, "geometry": {"type": "Point", "coordinates": [-87.96457, 42.00687]}}, {"type": "Feature", "properties": {"name": "Columbia County Community Broadband Utility", "operator": "Columbia County Community Broadband Utility", "city": "Evans", "state": "GA", "networks": 2}, "geometry": {"type": "Point", "coordinates": [-82.135633, 33.545316]}}, {"type": "Feature", "properties": {"name": "Equinix DA2 - Dallas", "operator": "Equinix, Inc.", "city": "Dallas", "state": "TX", "networks": 47}, "geometry": {"type": "Point", "coordinates": [-96.81955, 32.800955]}}, {"type": "Feature", "properties": {"name": "Equinix DA7 - Dallas", "operator": "Equinix, Inc.", "city": "Plano", "state": "TX", "networks": 6}, "geometry": {"type": "Point", "coordinates": [-96.810993, 33.064858]}}, {"type": "Feature", "properties": {"name": "Equinix TR7 - Toronto, Brampton (formerly Q9 Brampton 4/5)", "operator": "Equinix, Inc.", "city": "Brampton", "state": "ON", "networks": 1}, "geometry": {"type": "Point", "coordinates": [-79.71779, 43.744913]}}, {"type": "Feature", "properties": {"name": "Equinix TR6 - Toronto, Brampton (formerly Q9 Brampton 1/2/3)", "operator": "Equinix, Inc.", "city": "Brampton", "state": "ON", "networks": 3}, "geometry": {"type": "Point", "coordinates": [-79.71627, 43.744509]}}, {"type": "Feature", "properties": {"name": "Centersquare Chicago (ORD1)", "operator": "Centersquare", "city": "Chicago", "state": "IL", "networks": 6}, "geometry": {"type": "Point", "coordinates": [-87.618342, 41.85365]}}, {"type": "Feature", "properties": {"name": "Centersquare Chicago (ORD2)", "operator": "Centersquare", "city": "Elk Grove Village", "state": "IL", "networks": 8}, "geometry": {"type": "Point", "coordinates": [-87.958015, 41.99209]}}, {"type": "Feature", "properties": {"name": "Centersquare Columbus (CMH1)", "operator": "Centersquare", "city": "Lewis Center", "state": "OH", "networks": 5}, "geometry": {"type": "Point", "coordinates": [-83.010799, 40.16884]}}, {"type": "Feature", "properties": {"name": "Centersquare Northern Virginia (IAD1-A/F)", "operator": "Centersquare", "city": "Sterling", "state": "VA", "networks": 10}, "geometry": {"type": "Point", "coordinates": [-77.413194, 39.023339]}}, {"type": "Feature", "properties": {"name": "EdgeConneX Madison (EDCMAD01)", "operator": "EdgeConneX Inc.", "city": "Madison", "state": "WI", "networks": 4}, "geometry": {"type": "Point", "coordinates": [-89.297331, 43.04802]}}, {"type": "Feature", "properties": {"name": "EdgeConneX Minneapolis (EDCMSP01)", "operator": "EdgeConneX Inc.", "city": "Eden Prairie", "state": "MN", "networks": 5}, "geometry": {"type": "Point", "coordinates": [-93.404156, 44.878844]}}, {"type": "Feature", "properties": {"name": "Centersquare Northern Virginia (IAD1-C/E)", "operator": "Centersquare", "city": "Sterling", "state": "VA", "networks": 3}, "geometry": {"type": "Point", "coordinates": [-77.413213, 39.025283]}}, {"type": "Feature", "properties": {"name": "Centersquare Northern Virginia (IAD2)", "operator": "Centersquare", "city": "Sterling", "state": "VA", "networks": 4}, "geometry": {"type": "Point", "coordinates": [-77.423889, 38.984122]}}, {"type": "Feature", "properties": {"name": "Centersquare Northern Virginia (IAD3)", "operator": "Centersquare", "city": "Sterling", "state": "VA", "networks": 6}, "geometry": {"type": "Point", "coordinates": [-77.443486, 38.980226]}}, {"type": "Feature", "properties": {"name": "Centersquare Dallas (DFW1)", "operator": "Centersquare", "city": "Fort Worth", "state": "TX", "networks": 6}, "geometry": {"type": "Point", "coordinates": [-97.040726, 32.832607]}}, {"type": "Feature", "properties": {"name": "Centersquare Denver (DEN1)", "operator": "Centersquare", "city": "Highlands Ranch", "state": "CO", "networks": 8}, "geometry": {"type": "Point", "coordinates": [-105.033374, 39.550215]}}, {"type": "Feature", "properties": {"name": "Centersquare Denver (DEN2)", "operator": "Centersquare", "city": "Englewood", "state": "CO", "networks": 2}, "geometry": {"type": "Point", "coordinates": [-104.830727, 39.560863]}}, {"type": "Feature", "properties": {"name": "Centersquare Minneapolis (MSP1)", "operator": "Centersquare", "city": "Shakopee", "state": "MN", "networks": 2}, "geometry": {"type": "Point", "coordinates": [-93.461982, 44.778828]}}, {"type": "Feature", "properties": {"name": "Centersquare New Jersey (EWR2)", "operator": "Centersquare", "city": "Weehawken", "state": "NJ", "networks": 10}, "geometry": {"type": "Point", "coordinates": [-74.024685, 40.76218]}}, {"type": "Feature", "properties": {"name": "Centersquare New Jersey (EWR3)", "operator": "Centersquare", "city": "Piscataway", "state": "NJ", "networks": 2}, "geometry": {"type": "Point", "coordinates": [-74.4569, 40.554537]}}, {"type": "Feature", "properties": {"name": "Centersquare Los Angeles (LAX3)", "operator": "Centersquare", "city": "Irvine", "state": "CA", "networks": 13}, "geometry": {"type": "Point", "coordinates": [-117.848727, 33.687339]}}, {"type": "Feature", "properties": {"name": "Centersquare Phoenix (PHX1)", "operator": "Centersquare", "city": "Phoenix", "state": "AZ", "networks": 8}, "geometry": {"type": "Point", "coordinates": [-111.976435, 33.454411]}}, {"type": "Feature", "properties": {"name": "Centersquare Silicon Valley (SFO1)", "operator": "Centersquare", "city": "Santa Clara", "state": "CA", "networks": 4}, "geometry": {"type": "Point", "coordinates": [-121.969739, 37.371485]}}, {"type": "Feature", "properties": {"name": "Centersquare Silicon Valley (SFO2)", "operator": "Centersquare", "city": "Santa Clara", "state": "CA", "networks": 7}, "geometry": {"type": "Point", "coordinates": [-121.980961, 37.398632]}}, {"type": "Feature", "properties": {"name": "Centersquare Seattle (SEA1-B)", "operator": "Centersquare", "city": "Tukwila", "state": "WA", "networks": 6}, "geometry": {"type": "Point", "coordinates": [-122.289792, 47.491883]}}, {"type": "Feature", "properties": {"name": "Centersquare Silicon Valley (SFO3)", "operator": "Centersquare", "city": "Sunnyvale", "state": "CA", "networks": 2}, "geometry": {"type": "Point", "coordinates": [-121.986073, 37.372078]}}, {"type": "Feature", "properties": {"name": "Centersquare Tampa (TPA1)", "operator": "Centersquare", "city": "Tampa", "state": "FL", "networks": 1}, "geometry": {"type": "Point", "coordinates": [-82.351199, 27.945324]}}, {"type": "Feature", "properties": {"name": "Centersquare Toronto (YYZ1)", "operator": "Centersquare", "city": "Mississauga", "state": "ON", "networks": 3}, "geometry": {"type": "Point", "coordinates": [-79.754301, 43.595054]}}, {"type": "Feature", "properties": {"name": "Centersquare Toronto (YYZ2)", "operator": "Centersquare", "city": "Markham", "state": "ON", "networks": 3}, "geometry": {"type": "Point", "coordinates": [-79.316434, 43.839127]}}, {"type": "Feature", "properties": {"name": "Dataverge", "operator": "Dataverge Inc.", "city": "Brooklyn", "state": "NY", "networks": 19}, "geometry": {"type": "Point", "coordinates": [-74.004881, 40.657808]}}, {"type": "Feature", "properties": {"name": "Tech Futures YVR1", "operator": "Tech Futures Interactive Inc.", "city": "Vancouver", "state": "BC", "networks": 11}, "geometry": {"type": "Point", "coordinates": [-123.029619, 49.259393]}}, {"type": "Feature", "properties": {"name": "NP Belle Plaine (MSP1)", "operator": "Neutral Path Communications, LLC", "city": "Belle Plaine", "state": "MN", "networks": 4}, "geometry": {"type": "Point", "coordinates": [-93.778109, 44.624122]}}, {"type": "Feature", "properties": {"name": "LES.NET YWG2", "operator": "LES.NET (1996) INC", "city": "Winnipeg", "state": "MB", "networks": 7}, "geometry": {"type": "Point", "coordinates": [-97.14294, 49.893607]}}, {"type": "Feature", "properties": {"name": "I-Evolve Technology Datacenter Amherst", "operator": "I-Evolve Technology Services", "city": "Amherst", "state": "NY", "networks": 2}, "geometry": {"type": "Point", "coordinates": [-78.784612, 43.018107]}}, {"type": "Feature", "properties": {"name": "Lowest Host/Empire Technology", "operator": "Lowest Host/Empire Technology LLC", "city": "Salt Lake City", "state": "UT", "networks": 0}, "geometry": {"type": "Point", "coordinates": [-111.946913, 40.7997]}}, {"type": "Feature", "properties": {"name": "CoreSite - Santa Clara (SV3)", "operator": "CoreSite", "city": "Santa Clara", "state": "CA", "networks": 4}, "geometry": {"type": "Point", "coordinates": [-121.970216, 37.374919]}}, {"type": "Feature", "properties": {"name": "CoreSite - Reston (VA2)", "operator": "CoreSite", "city": "Reston", "state": "VA", "networks": 22}, "geometry": {"type": "Point", "coordinates": [-77.364545, 38.948974]}}, {"type": "Feature", "properties": {"name": "Ascent - CH2", "operator": "Ascent, LLC", "city": "Northlake", "state": "IL", "networks": 2}, "geometry": {"type": "Point", "coordinates": [-87.912164, 41.920029]}}, {"type": "Feature", "properties": {"name": "MultaCom Main", "operator": "MultaCom Inc", "city": "Los Angeles", "state": "CA", "networks": 3}, "geometry": {"type": "Point", "coordinates": [-118.257002, 34.049219]}}, {"type": "Feature", "properties": {"name": "Multacom One Wilshire", "operator": "MultaCom Inc", "city": "Los Angeles", "state": "CA", "networks": 1}, "geometry": {"type": "Point", "coordinates": [-118.255564, 34.047942]}}, {"type": "Feature", "properties": {"name": "Multacom Telecom Center", "operator": "MultaCom Inc", "city": "Los Angeles", "state": "CA", "networks": 1}, "geometry": {"type": "Point", "coordinates": [-118.255186, 34.048428]}}, {"type": "Feature", "properties": {"name": "NetSolus Inc", "operator": "NetSolus Inc.", "city": "Kansas City", "state": "MO", "networks": 1}, "geometry": {"type": "Point", "coordinates": [-94.578821, 39.101274]}}, {"type": "Feature", "properties": {"name": "Cologix MTL4", "operator": "Cologix, Inc.", "city": "Montreal", "state": "QC", "networks": 4}, "geometry": {"type": "Point", "coordinates": [-73.569615, 45.598912]}}, {"type": "Feature", "properties": {"name": "SDN Communications Campus Sioux Falls South Dakota", "operator": "South Dakota Network dba SDN Communications", "city": "Sioux Falls", "state": "SD", "networks": 3}, "geometry": {"type": "Point", "coordinates": [-96.764101, 43.546529]}}, {"type": "Feature", "properties": {"name": "SDN Communication Mark Shlanta Technology Park", "operator": "South Dakota Network dba SDN Communications", "city": "Sioux Falls", "state": "SD", "networks": 4}, "geometry": {"type": "Point", "coordinates": [-96.808315, 43.605177]}}, {"type": "Feature", "properties": {"name": "BESTNAP", "operator": "Bestline Communications, L.P.", "city": "Austin", "state": "TX", "networks": 0}, "geometry": {"type": "Point", "coordinates": [-97.742944, 30.273541]}}, {"type": "Feature", "properties": {"name": "Evocative DA4", "operator": "VPLS", "city": "Dallas", "state": "TX", "networks": 42}, "geometry": {"type": "Point", "coordinates": [-96.878307, 32.837967]}}, {"type": "Feature", "properties": {"name": "H5 Data Centers Silicon Valley", "operator": "H5 Data Centers", "city": "Sunnyvale", "state": "CA", "networks": 8}, "geometry": {"type": "Point", "coordinates": [-121.987545, 37.372036]}}, {"type": "Feature", "properties": {"name": "HCE Telecom, Hamilton", "operator": "Hamilton Community Enterprises", "city": "Hamilton", "state": "ON", "networks": 0}, "geometry": {"type": "Point", "coordinates": [-79.873226, 43.260695]}}, {"type": "Feature", "properties": {"name": "CRIX", "operator": "CRIX", "city": "San Jose", "state": "", "networks": 4}, "geometry": {"type": "Point", "coordinates": [-84.066155, 9.929676]}}, {"type": "Feature", "properties": {"name": "Digital Realty CHI (600-780 S Federal)", "operator": "Digital Realty", "city": "Chicago", "state": "IL", "networks": 7}, "geometry": {"type": "Point", "coordinates": [-87.629937, 41.874224]}}, {"type": "Feature", "properties": {"name": "Zayo Pittsburgh - 2500 Allegheny Center Mall", "operator": "Zayo Group", "city": "Pittsburgh", "state": "PA", "networks": 2}, "geometry": {"type": "Point", "coordinates": [-80.006977, 40.451862]}}, {"type": "Feature", "properties": {"name": "Zayo Nashville - 209 10th Ave. S", "operator": "Zayo Group", "city": "Nashville", "state": "TN", "networks": 1}, "geometry": {"type": "Point", "coordinates": [-86.782559, 36.155165]}}, {"type": "Feature", "properties": {"name": "Zayo Cleveland - 1525 Rockwell Ave", "operator": "Zayo Group", "city": "Cleveland", "state": "OH", "networks": 0}, "geometry": {"type": "Point", "coordinates": [-81.68395, 41.506167]}}, {"type": "Feature", "properties": {"name": "Sungard AS Scottsdale", "operator": "Sungard Availability Services", "city": "Scottsdale", "state": "AZ", "networks": 2}, "geometry": {"type": "Point", "coordinates": [-111.917795, 33.632423]}}, {"type": "Feature", "properties": {"name": "INAP Houston", "operator": "INAP Holding LLC", "city": "Houston", "state": "TX", "networks": 4}, "geometry": {"type": "Point", "coordinates": [-95.365771, 29.753536]}}, {"type": "Feature", "properties": {"name": "DataBank Chicago (ORD1)", "operator": "DataBank, Ltd.", "city": "Chicago", "state": "IL", "networks": 4}, "geometry": {"type": "Point", "coordinates": [-87.629937, 41.874224]}}, {"type": "Feature", "properties": {"name": "Zayo Baltimore - 111 Market Pl", "operator": "Zayo Group", "city": "Baltimore", "state": "MD", "networks": 8}, "geometry": {"type": "Point", "coordinates": [-76.606104, 39.287414]}}, {"type": "Feature", "properties": {"name": "DataBank Memphis (MEM1)", "operator": "DataBank, Ltd.", "city": "Memphis", "state": "TN", "networks": 5}, "geometry": {"type": "Point", "coordinates": [-89.808615, 35.203086]}}, {"type": "Feature", "properties": {"name": "Zayo Minneapolis - 10300 6th Ave N", "operator": "Zayo Group", "city": "Minneapolis", "state": "MN", "networks": 3}, "geometry": {"type": "Point", "coordinates": [-93.411433, 44.98646]}}, {"type": "Feature", "properties": {"name": "DataBank Chicago (ORD3)", "operator": "DataBank, Ltd.", "city": "Mount Prospect", "state": "IL", "networks": 3}, "geometry": {"type": "Point", "coordinates": [-87.923547, 42.078055]}}, {"type": "Feature", "properties": {"name": "Roller Network (Reno, NV)", "operator": "Roller Network LLC", "city": "Reno", "state": "NV", "networks": 6}, "geometry": {"type": "Point", "coordinates": [-119.76983, 39.469306]}}, {"type": "Feature", "properties": {"name": "Zayo Washington DC - 2100 M Street NW", "operator": "Zayo Group", "city": "Washington", "state": "DC", "networks": 2}, "geometry": {"type": "Point", "coordinates": [-77.047082, 38.904888]}}, {"type": "Feature", "properties": {"name": "DataBank Seattle (SEA2)", "operator": "DataBank, Ltd.", "city": "Tukwila", "state": "WA", "networks": 4}, "geometry": {"type": "Point", "coordinates": [-122.290569, 47.495027]}}, {"type": "Feature", "properties": {"name": "DataPipe Silicon Valley One", "operator": "DataPipe, Inc.", "city": "San Jose", "state": "CA", "networks": 2}, "geometry": {"type": "Point", "coordinates": [-121.887886, 37.333597]}}, {"type": "Feature", "properties": {"name": "1011 San Jacinto", "operator": "Olive Grove Partners II, Ltd.", "city": "Austin", "state": "TX", "networks": 1}, "geometry": {"type": "Point", "coordinates": [-97.738559, 30.27167]}}, {"type": "Feature", "properties": {"name": "H5 Data Centers Cleveland", "operator": "H5 Data Centers", "city": "Cleveland", "state": "OH", "networks": 20}, "geometry": {"type": "Point", "coordinates": [-81.68395, 41.506167]}}, {"type": "Feature", "properties": {"name": "Digital Realty CLT (125 N Myers St)", "operator": "Digital Realty", "city": "Charlotte", "state": "NC", "networks": 6}, "geometry": {"type": "Point", "coordinates": [-80.8353, 35.222057]}}, {"type": "Feature", "properties": {"name": "DataBank Denver (DEN1)", "operator": "DataBank, Ltd.", "city": "Englewood", "state": "CO", "networks": 4}, "geometry": {"type": "Point", "coordinates": [-104.866554, 39.564112]}}, {"type": "Feature", "properties": {"name": "Alpheus Fort Worth (307 W 7th St)", "operator": "Alpheus Communications", "city": "Fort Worth", "state": "TX", "networks": 0}, "geometry": {"type": "Point", "coordinates": [-97.331678, 32.751443]}}, {"type": "Feature", "properties": {"name": "Digital Realty EWR (3 Corporate Pl)", "operator": "Digital Realty", "city": "Piscataway", "state": "NJ", "networks": 5}, "geometry": {"type": "Point", "coordinates": [-74.4569, 40.554537]}}, {"type": "Feature", "properties": {"name": "DataBank Irvine (SNA1)", "operator": "DataBank, Ltd.", "city": "Irvine", "state": "CA", "networks": 4}, "geometry": {"type": "Point", "coordinates": [-117.840518, 33.690423]}}, {"type": "Feature", "properties": {"name": "Evocative EWR1", "operator": "VPLS", "city": "Secaucus", "state": "NJ", "networks": 19}, "geometry": {"type": "Point", "coordinates": [-74.068015, 40.787662]}}, {"type": "Feature", "properties": {"name": "TierPoint Chicago - West", "operator": "TierPoint, LLC", "city": "Franklin Park", "state": "IL", "networks": 2}, "geometry": {"type": "Point", "coordinates": [-87.858028, 41.927017]}}, {"type": "Feature", "properties": {"name": "US Signal - Oak Brook", "operator": "US Signal", "city": "Oak Brook", "state": "IL", "networks": 0}, "geometry": {"type": "Point", "coordinates": [-87.939656, 41.846308]}}, {"type": "Feature", "properties": {"name": "Evocative SEA1", "operator": "VPLS", "city": "Seattle", "state": "WA", "networks": 9}, "geometry": {"type": "Point", "coordinates": [-122.34811, 47.619446]}}, {"type": "Feature", "properties": {"name": "Gosnell - International Gateway 1 (8100 Boone)", "operator": "The Gosnell Companies", "city": "Vienna", "state": "VA", "networks": 0}, "geometry": {"type": "Point", "coordinates": [-77.225887, 38.913686]}}, {"type": "Feature", "properties": {"name": "Evocative Virginia (VA1)", "operator": "VPLS", "city": "Reston", "state": "VA", "networks": 4}, "geometry": {"type": "Point", "coordinates": [-77.329428, 38.948869]}}, {"type": "Feature", "properties": {"name": "Long Lines Data Center", "operator": "Long Lines, LLC", "city": "Sioux City", "state": "IA", "networks": 2}, "geometry": {"type": "Point", "coordinates": [-96.348107, 42.483287]}}, {"type": "Feature", "properties": {"name": "UnitedLayer Los Angeles", "operator": "UnitedLayer LLC", "city": "Los Angeles", "state": "CA", "networks": 0}, "geometry": {"type": "Point", "coordinates": [-118.255186, 34.048428]}}, {"type": "Feature", "properties": {"name": "TierPoint Philadelphia", "operator": "TierPoint, LLC", "city": "Philadelphia", "state": "PA", "networks": 2}, "geometry": {"type": "Point", "coordinates": [-75.165482, 39.892465]}}, {"type": "Feature", "properties": {"name": "TierPoint Chicago - Polk", "operator": "TierPoint, LLC", "city": "Chicago", "state": "IL", "networks": 9}, "geometry": {"type": "Point", "coordinates": [-87.642825, 41.871616]}}, {"type": "Feature", "properties": {"name": "H5 Data Centers Denver", "operator": "H5 Data Centers", "city": "Greenwood Village", "state": "CO", "networks": 18}, "geometry": {"type": "Point", "coordinates": [-104.891509, 39.618102]}}, {"type": "Feature", "properties": {"name": "H5 Data Centers Phoenix", "operator": "H5 Data Centers", "city": "Chandler", "state": "AZ", "networks": 13}, "geometry": {"type": "Point", "coordinates": [-111.885739, 33.277073]}}, {"type": "Feature", "properties": {"name": "H5 Data Centers Seattle", "operator": "H5 Data Centers", "city": "Seattle", "state": "WA", "networks": 10}, "geometry": {"type": "Point", "coordinates": [-122.336393, 47.619054]}}, {"type": "Feature", "properties": {"name": "H5 Data Centers Atlanta", "operator": "H5 Data Centers", "city": "Atlanta", "state": "GA", "networks": 5}, "geometry": {"type": "Point", "coordinates": [-84.38365, 33.765199]}}, {"type": "Feature", "properties": {"name": "H5 Data Centers Ashburn", "operator": "H5 Data Centers", "city": "Ashburn", "state": "VA", "networks": 3}, "geometry": {"type": "Point", "coordinates": [-77.451713, 39.013682]}}, {"type": "Feature", "properties": {"name": "Amplex DC0", "operator": "Amplex Electric, Inc.", "city": "Luckey", "state": "OH", "networks": 1}, "geometry": {"type": "Point", "coordinates": [-83.451231, 41.481022]}}, {"type": "Feature", "properties": {"name": "Markley Group Lowell", "operator": "Markley Group, LLC", "city": "Lowell", "state": "MA", "networks": 1}, "geometry": {"type": "Point", "coordinates": [-71.305788, 42.629897]}}, {"type": "Feature", "properties": {"name": "GIP Dallas", "operator": "Global IP Networks, Inc.", "city": "Dallas", "state": "TX", "networks": 3}, "geometry": {"type": "Point", "coordinates": [-96.79463, 32.783819]}}, {"type": "Feature", "properties": {"name": "Enseva Cedar Rapids", "operator": "Enseva LLC", "city": "Hiawatha", "state": "IA", "networks": 3}, "geometry": {"type": "Point", "coordinates": [-91.679566, 42.05634]}}, {"type": "Feature", "properties": {"name": "Digital Realty SJC (1100 Space Park)", "operator": "Digital Realty", "city": "Santa Clara", "state": "CA", "networks": 7}, "geometry": {"type": "Point", "coordinates": [-121.953325, 37.375823]}}, {"type": "Feature", "properties": {"name": "CyrusOne Aurora I", "operator": "CyrusOne Inc.", "city": "Aurora", "state": "IL", "networks": 9}, "geometry": {"type": "Point", "coordinates": [-88.24276, 41.796754]}}, {"type": "Feature", "properties": {"name": "AlohaNAP", "operator": "HAWAII PACIFIC DATA LLC", "city": "Kapolei", "state": "HI", "networks": 1}, "geometry": {"type": "Point", "coordinates": [-158.086738, 21.335728]}}, {"type": "Feature", "properties": {"name": "Optic Fusion - Perkins Building", "operator": "Optic Fusion", "city": "Tacoma", "state": "WA", "networks": 2}, "geometry": {"type": "Point", "coordinates": [-122.436709, 47.253338]}}, {"type": "Feature", "properties": {"name": "Optic Fusion - Westin Building 2505", "operator": "Optic Fusion", "city": "Seattle", "state": "WA", "networks": 1}, "geometry": {"type": "Point", "coordinates": [-122.338864, 47.614358]}}, {"type": "Feature", "properties": {"name": "Equinix CL3 - Calgary (formerly Q9 Calgary Three)", "operator": "Equinix, Inc.", "city": "Calgary", "state": "AB", "networks": 15}, "geometry": {"type": "Point", "coordinates": [-113.956677, 50.976971]}}, {"type": "Feature", "properties": {"name": "eStruxture CAL-1", "operator": "eStruxture Data Centers Inc.", "city": "Calgary", "state": "", "networks": 13}, "geometry": {"type": "Point", "coordinates": [-113.955766, 50.992102]}}, {"type": "Feature", "properties": {"name": "Digital Realty HOU (12001 North Freeway)", "operator": "Digital Realty", "city": "Houston", "state": "TX", "networks": 14}, "geometry": {"type": "Point", "coordinates": [-95.416846, 29.943168]}}, {"type": "Feature", "properties": {"name": "Tech Vault South Burlington", "operator": "Tech Vault, Inc.", "city": "South Burlington", "state": "VT", "networks": 2}, "geometry": {"type": "Point", "coordinates": [-73.141763, 44.45418]}}, {"type": "Feature", "properties": {"name": "Digital Realty Portland - PDX10", "operator": "Digital Realty", "city": "Hillsboro", "state": "OR", "networks": 6}, "geometry": {"type": "Point", "coordinates": [-122.892017, 45.547609]}}, {"type": "Feature", "properties": {"name": "Cologix MIN3", "operator": "Cologix, Inc.", "city": "Minneapolis", "state": "MN", "networks": 23}, "geometry": {"type": "Point", "coordinates": [-93.25458, 44.971408]}}, {"type": "Feature", "properties": {"name": "Cologix COL3", "operator": "Cologix, Inc.", "city": "Columbus", "state": "OH", "networks": 20}, "geometry": {"type": "Point", "coordinates": [-83.001985, 40.116491]}}, {"type": "Feature", "properties": {"name": "Consolidated - 811 Louisiana", "operator": "Consolidated Communications, Inc.", "city": "Houston", "state": "TX", "networks": 4}, "geometry": {"type": "Point", "coordinates": [-95.366313, 29.759292]}}, {"type": "Feature", "properties": {"name": "CoreSite - Santa Clara (SV7)", "operator": "CoreSite", "city": "Santa Clara", "state": "CA", "networks": 20}, "geometry": {"type": "Point", "coordinates": [-121.973055, 37.3761]}}, {"type": "Feature", "properties": {"name": "Prov.net PVD1 (1155 Westminster)", "operator": "Provdotnet LLC", "city": "Providence", "state": "RI", "networks": 2}, "geometry": {"type": "Point", "coordinates": [-71.427671, 41.817374]}}, {"type": "Feature", "properties": {"name": "Prov.net PVD2 (304 Carpenter)", "operator": "Provdotnet LLC", "city": "Providence", "state": "RI", "networks": 5}, "geometry": {"type": "Point", "coordinates": [-71.429267, 41.817622]}}, {"type": "Feature", "properties": {"name": "Prov.net CHF1 (Boston North)", "operator": "Provdotnet LLC", "city": "Chelmsford", "state": "MA", "networks": 2}, "geometry": {"type": "Point", "coordinates": [-71.331383, 42.597085]}}, {"type": "Feature", "properties": {"name": "QTS Sacramento (SAC1)", "operator": "QTS Realty Trust, Inc.", "city": "Sacramento", "state": "CA", "networks": 13}, "geometry": {"type": "Point", "coordinates": [-121.486335, 38.646407]}}, {"type": "Feature", "properties": {"name": "QTS Princeton (PJC1)", "operator": "QTS Realty Trust, Inc.", "city": "East Windsor", "state": "NJ", "networks": 1}, "geometry": {"type": "Point", "coordinates": [-74.547551, 40.279249]}}, {"type": "Feature", "properties": {"name": "QTS Chicago (CHI1)", "operator": "QTS Realty Trust, Inc.", "city": "Chicago", "state": "IL", "networks": 14}, "geometry": {"type": "Point", "coordinates": [-87.668306, 41.841895]}}, {"type": "Feature", "properties": {"name": "QTS Irving - Dallas (DFW1)", "operator": "QTS Realty Trust, Inc.", "city": "Irving", "state": "TX", "networks": 16}, "geometry": {"type": "Point", "coordinates": [-96.982993, 32.89709]}}, {"type": "Feature", "properties": {"name": "QTS Overland Park (OVP1)", "operator": "QTS Realty Trust, Inc.", "city": "Overland Park", "state": "KS", "networks": 1}, "geometry": {"type": "Point", "coordinates": [-94.673374, 38.89627]}}, {"type": "Feature", "properties": {"name": "US Internet - Minnetonka", "operator": "US Internet", "city": "Minnetonka", "state": "MN", "networks": 7}, "geometry": {"type": "Point", "coordinates": [-93.436607, 44.972011]}}, {"type": "Feature", "properties": {"name": "Bluebird Fiber Parma Data Center", "operator": "Bluebird Fiber OH", "city": "Parma", "state": "OH", "networks": 1}, "geometry": {"type": "Point", "coordinates": [-81.780019, 41.407902]}}, {"type": "Feature", "properties": {"name": "Netrality Chicago - 717 S Wells", "operator": "Netrality Data Centers", "city": "Chicago", "state": "IL", "networks": 22}, "geometry": {"type": "Point", "coordinates": [-87.63327, 41.872911]}}, {"type": "Feature", "properties": {"name": "1YongeColo", "operator": "Amanah Tech Inc.", "city": "Toronto", "state": "ON", "networks": 0}, "geometry": {"type": "Point", "coordinates": [-79.374125, 43.64272]}}, {"type": "Feature", "properties": {"name": "LADC1 - 624 S Grand Ave", "operator": "Colocation America Corporation", "city": "Los Angeles", "state": "CA", "networks": 0}, "geometry": {"type": "Point", "coordinates": [-118.255358, 34.047948]}}, {"type": "Feature", "properties": {"name": "LADC2 - 707 Wilshire Blvd", "operator": "Colocation America Corporation", "city": "Los Angeles", "state": "CA", "networks": 0}, "geometry": {"type": "Point", "coordinates": [-118.257002, 34.049219]}}, {"type": "Feature", "properties": {"name": "LADC3 - 600 W 7th St", "operator": "Colocation America Corporation", "city": "Los Angeles", "state": "CA", "networks": 0}, "geometry": {"type": "Point", "coordinates": [-118.257382, 34.047415]}}, {"type": "Feature", "properties": {"name": "LADC4 - 530 W 6th St", "operator": "Colocation America Corporation", "city": "Los Angeles", "state": "CA", "networks": 1}, "geometry": {"type": "Point", "coordinates": [-118.255186, 34.048428]}}, {"type": "Feature", "properties": {"name": "LADC5 - 650 S Grand Ave", "operator": "Colocation America Corporation", "city": "Los Angeles", "state": "CA", "networks": 0}, "geometry": {"type": "Point", "coordinates": [-118.25618, 34.047423]}}, {"type": "Feature", "properties": {"name": "SFDC1 - 200 Paul Ave", "operator": "Colocation America Corporation", "city": "San Francisco", "state": "CA", "networks": 1}, "geometry": {"type": "Point", "coordinates": [-122.398056, 37.723698]}}, {"type": "Feature", "properties": {"name": "NYDC1 - 60 Hudson Street", "operator": "Colocation America Corporation", "city": "New York", "state": "NY", "networks": 1}, "geometry": {"type": "Point", "coordinates": [-74.008306, 40.717729]}}, {"type": "Feature", "properties": {"name": "NYDC2 - 111 8th ave", "operator": "Colocation America Corporation", "city": "New York", "state": "NY", "networks": 0}, "geometry": {"type": "Point", "coordinates": [-74.003387, 40.741469]}}, {"type": "Feature", "properties": {"name": "NYDC3 - 11 skyline dr", "operator": "Colocation America Corporation", "city": "Hawthorne", "state": "NY", "networks": 0}, "geometry": {"type": "Point", "coordinates": [-73.815348, 41.088241]}}, {"type": "Feature", "properties": {"name": "NJDC1 - 100 Delawanna ave", "operator": "Colocation America Corporation", "city": "Clifton", "state": "NJ", "networks": 0}, "geometry": {"type": "Point", "coordinates": [-74.126657, 40.829947]}}, {"type": "Feature", "properties": {"name": "NJDC2 - 300 J F Kennedy Blvd", "operator": "Colocation America Corporation", "city": "Secaucus", "state": "NJ", "networks": 0}, "geometry": {"type": "Point", "coordinates": [-74.075909, 40.777818]}}, {"type": "Feature", "properties": {"name": "BDC1 - 34 Saint Martin Dr", "operator": "Colocation America Corporation", "city": "Marlborough", "state": "MA", "networks": 0}, "geometry": {"type": "Point", "coordinates": [-71.579257, 42.312902]}}, {"type": "Feature", "properties": {"name": "PDC1 - 9999 Hamilton blvd", "operator": "Colocation America Corporation", "city": "Breinigsville", "state": "PA", "networks": 0}, "geometry": {"type": "Point", "coordinates": [-75.655718, 40.544235]}}, {"type": "Feature", "properties": {"name": "PDC2 - 1000 Adams ave", "operator": "Colocation America Corporation", "city": "Audubon", "state": "PA", "networks": 0}, "geometry": {"type": "Point", "coordinates": [-75.421011, 40.121801]}}, {"type": "Feature", "properties": {"name": "PDC3 - 3949 Schelden Cir", "operator": "Colocation America Corporation", "city": "Bethlehem", "state": "PA", "networks": 0}, "geometry": {"type": "Point", "coordinates": [-75.378107, 40.675013]}}, {"type": "Feature", "properties": {"name": "CDC1 - 350 E Cermak Rd", "operator": "Colocation America Corporation", "city": "Chicago", "state": "IL", "networks": 2}, "geometry": {"type": "Point", "coordinates": [-87.618252, 41.853701]}}, {"type": "Feature", "properties": {"name": "CDC2 - 600 S Federal st", "operator": "Colocation America Corporation", "city": "Chicago", "state": "IL", "networks": 1}, "geometry": {"type": "Point", "coordinates": [-87.629937, 41.874224]}}, {"type": "Feature", "properties": {"name": "CDC3 - 800 E Business Center Dr", "operator": "Colocation America Corporation", "city": "Mount Prospect", "state": "IL", "networks": 0}, "geometry": {"type": "Point", "coordinates": [-87.923547, 42.078055]}}, {"type": "Feature", "properties": {"name": "CDC4 - 1808 Swift Dr", "operator": "Colocation America Corporation", "city": "Oak Brook", "state": "IL", "networks": 2}, "geometry": {"type": "Point", "coordinates": [-87.920916, 41.854051]}}, {"type": "Feature", "properties": {"name": "CDC5 - 2200 Busse Rd", "operator": "Colocation America Corporation", "city": "Elk Grove Village", "state": "IL", "networks": 0}, "geometry": {"type": "Point", "coordinates": [-87.962053, 41.994269]}}, {"type": "Feature", "properties": {"name": "MDC1 - 36 NE 2nd St", "operator": "Colocation America Corporation", "city": "Miami", "state": "FL", "networks": 1}, "geometry": {"type": "Point", "coordinates": [-80.192808, 25.775825]}}, {"type": "Feature", "properties": {"name": "HDC1 - 108 Bank St", "operator": "Colocation America Corporation", "city": "Waterbury", "state": "CT", "networks": 0}, "geometry": {"type": "Point", "coordinates": [-73.041219, 41.554434]}}, {"type": "Feature", "properties": {"name": "Nuday DC1", "operator": "Nuday Networks Inc.", "city": "Markham", "state": "ON", "networks": 3}, "geometry": {"type": "Point", "coordinates": [-79.334471, 43.826951]}}, {"type": "Feature", "properties": {"name": "ColoSpace - Bedford, NH", "operator": "FirstLight Fiber, Inc.", "city": "Bedford", "state": "NH", "networks": 2}, "geometry": {"type": "Point", "coordinates": [-71.463933, 42.928233]}}, {"type": "Feature", "properties": {"name": "ColoSpace - Waltham, MA", "operator": "FirstLight Fiber, Inc.", "city": "Waltham", "state": "MA", "networks": 1}, "geometry": {"type": "Point", "coordinates": [-71.253131, 42.399882]}}, {"type": "Feature", "properties": {"name": "ColoSpace - Rockland, MA", "operator": "FirstLight Fiber, Inc.", "city": "Rockland", "state": "MA", "networks": 1}, "geometry": {"type": "Point", "coordinates": [-70.898347, 42.166264]}}, {"type": "Feature", "properties": {"name": "ColoSpace - Somerville, MA", "operator": "FirstLight Fiber, Inc.", "city": "Somerville", "state": "MA", "networks": 1}, "geometry": {"type": "Point", "coordinates": [-71.079763, 42.376703]}}, {"type": "Feature", "properties": {"name": "MI Tech - Main Campus", "operator": "Michigan Technological University", "city": "Houghton", "state": "MI", "networks": 2}, "geometry": {"type": "Point", "coordinates": [-88.551329, 47.119532]}}, {"type": "Feature", "properties": {"name": "Crown Castle Philadelphia (401 N Broad)", "operator": "Crown Castle Inc.", "city": "Philadelphia", "state": "PA", "networks": 11}, "geometry": {"type": "Point", "coordinates": [-75.161377, 39.959668]}}, {"type": "Feature", "properties": {"name": "Crown Castle Hartford (960 Main)", "operator": "Crown Castle Inc.", "city": "Hartford", "state": "CT", "networks": 0}, "geometry": {"type": "Point", "coordinates": [-72.672133, 41.768371]}}, {"type": "Feature", "properties": {"name": "Crown Castle Boston (1 Summer)", "operator": "Crown Castle Inc.", "city": "Boston", "state": "MA", "networks": 4}, "geometry": {"type": "Point", "coordinates": [-71.060266, 42.354692]}}, {"type": "Feature", "properties": {"name": "Crown Castle Springfield (1 Federal)", "operator": "Crown Castle Inc.", "city": "Springfield", "state": "MA", "networks": 3}, "geometry": {"type": "Point", "coordinates": [-72.576013, 42.109052]}}, {"type": "Feature", "properties": {"name": "Crown Castle Newark (165 Halsey)", "operator": "Crown Castle Inc.", "city": "Newark", "state": "NJ", "networks": 3}, "geometry": {"type": "Point", "coordinates": [-74.173402, 40.736844]}}, {"type": "Feature", "properties": {"name": "Crown Castle Providence (235 Promenade)", "operator": "Crown Castle Inc.", "city": "Providence", "state": "RI", "networks": 3}, "geometry": {"type": "Point", "coordinates": [-71.41934, 41.828542]}}, {"type": "Feature", "properties": {"name": "Crown Castle Chicago (725 S Wells)", "operator": "Crown Castle Inc.", "city": "Chicago", "state": "IL", "networks": 0}, "geometry": {"type": "Point", "coordinates": [-87.633278, 41.872619]}}, {"type": "Feature", "properties": {"name": "Crown Castle Marlboro (34 St Martin)", "operator": "Crown Castle Inc.", "city": "Marlborough", "state": "MA", "networks": 2}, "geometry": {"type": "Point", "coordinates": [-71.578316, 42.313247]}}, {"type": "Feature", "properties": {"name": "Crown Castle Worcester (474 Main)", "operator": "Crown Castle Inc.", "city": "Worcester", "state": "MA", "networks": 6}, "geometry": {"type": "Point", "coordinates": [-71.802963, 42.262556]}}, {"type": "Feature", "properties": {"name": "Crown Castle New York (111 8th)", "operator": "Crown Castle Inc.", "city": "New York", "state": "NY", "networks": 4}, "geometry": {"type": "Point", "coordinates": [-74.003387, 40.741469]}}, {"type": "Feature", "properties": {"name": "Crown Castle Providence (300 Carpenter)", "operator": "Crown Castle Inc.", "city": "Providence", "state": "RI", "networks": 0}, "geometry": {"type": "Point", "coordinates": [-71.42888, 41.817911]}}, {"type": "Feature", "properties": {"name": "Crown Castle Columbus (101 E Town)", "operator": "Crown Castle Inc.", "city": "Columbus", "state": "OH", "networks": 0}, "geometry": {"type": "Point", "coordinates": [-82.996895, 39.958911]}}, {"type": "Feature", "properties": {"name": "ManagedWay TYM1", "operator": "ManagedWay Company", "city": "Troy", "state": "MI", "networks": 7}, "geometry": {"type": "Point", "coordinates": [-83.099861, 42.537158]}}, {"type": "Feature", "properties": {"name": "ManagedWay TYM2", "operator": "ManagedWay Company", "city": "Troy", "state": "MI", "networks": 4}, "geometry": {"type": "Point", "coordinates": [-83.098459, 42.540615]}}, {"type": "Feature", "properties": {"name": "ManagedWay BYK1", "operator": "ManagedWay Company", "city": "Byron Center", "state": "MI", "networks": 2}, "geometry": {"type": "Point", "coordinates": [-85.672818, 42.825353]}}, {"type": "Feature", "properties": {"name": "ManagedWay SFJ1", "operator": "ManagedWay Company", "city": "Southfield", "state": "MI", "networks": 2}, "geometry": {"type": "Point", "coordinates": [-83.238056, 42.471634]}}, {"type": "Feature", "properties": {"name": "ManagedWay SFJ2", "operator": "ManagedWay Company", "city": "Southfield", "state": "MI", "networks": 2}, "geometry": {"type": "Point", "coordinates": [-83.234962, 42.467029]}}, {"type": "Feature", "properties": {"name": "Amplia DC0", "operator": "Amplia", "city": "San Juan", "state": "", "networks": 1}, "geometry": {"type": "Point", "coordinates": [-61.451179, 10.628629]}}, {"type": "Feature", "properties": {"name": "Amplia DC2", "operator": "Amplia", "city": "San Fernando", "state": "", "networks": 1}, "geometry": {"type": "Point", "coordinates": [-61.460903, 10.273615]}}, {"type": "Feature", "properties": {"name": "Amplia DC1", "operator": "Amplia", "city": "Port of Spain", "state": "", "networks": 1}, "geometry": {"type": "Point", "coordinates": [-61.514165, 10.658189]}}, {"type": "Feature", "properties": {"name": "Liquid Web DC3", "operator": "CMN-RUS, Inc. d/b/a Metronet", "city": "Lansing", "state": "MI", "networks": 1}, "geometry": {"type": "Point", "coordinates": [-84.666064, 42.705368]}}, {"type": "Feature", "properties": {"name": "NWT Data Center", "operator": "Biznesshosting, Inc. DBA VOLICO", "city": "Miami", "state": "FL", "networks": 1}, "geometry": {"type": "Point", "coordinates": [-80.188189, 25.775583]}}, {"type": "Feature", "properties": {"name": "IM Datacenter", "operator": "Biznesshosting, Inc. DBA VOLICO", "city": "Miami", "state": "FL", "networks": 0}, "geometry": {"type": "Point", "coordinates": [-80.192959, 25.775811]}}, {"type": "Feature", "properties": {"name": "Air Link Communications Trinidad", "operator": "Air Link Communications LLC", "city": "Princes Town", "state": "", "networks": 7}, "geometry": {"type": "Point", "coordinates": [-61.362385, 10.249623]}}, {"type": "Feature", "properties": {"name": "Patmos KC1", "operator": "Patmos Hosting, INC", "city": "Kansas City", "state": "MO", "networks": 7}, "geometry": {"type": "Point", "coordinates": [-94.567238, 39.097212]}}, {"type": "Feature", "properties": {"name": "CoreSite - Orlando (OR1)", "operator": "CoreSite", "city": "Orlando", "state": "FL", "networks": 13}, "geometry": {"type": "Point", "coordinates": [-81.419829, 28.427139]}}, {"type": "Feature", "properties": {"name": "DartPoints Cincinnati, OH - CVG1", "operator": "DartPoints, LLC", "city": "Cincinnati", "state": "OH", "networks": 6}, "geometry": {"type": "Point", "coordinates": [-84.517483, 39.098228]}}, {"type": "Feature", "properties": {"name": "TierPoint Allentown-TekPark", "operator": "TierPoint, LLC", "city": "Breinigsville", "state": "PA", "networks": 5}, "geometry": {"type": "Point", "coordinates": [-75.655718, 40.544235]}}, {"type": "Feature", "properties": {"name": "TierPoint Lehigh Valley", "operator": "TierPoint, LLC", "city": "Bethlehem", "state": "PA", "networks": 2}, "geometry": {"type": "Point", "coordinates": [-75.378107, 40.675013]}}, {"type": "Feature", "properties": {"name": "TierPoint Valley Forge", "operator": "TierPoint, LLC", "city": "Norristown", "state": "PA", "networks": 6}, "geometry": {"type": "Point", "coordinates": [-75.420907, 40.121849]}}, {"type": "Feature", "properties": {"name": "DartPoints Asheville, NC - AVL1", "operator": "DartPoints, LLC", "city": "Asheville", "state": "NC", "networks": 5}, "geometry": {"type": "Point", "coordinates": [-82.558062, 35.488154]}}, {"type": "Feature", "properties": {"name": "DartPoints Greenville, SC - GSP1", "operator": "DartPoints, LLC", "city": "Greenville", "state": "SC", "networks": 4}, "geometry": {"type": "Point", "coordinates": [-82.34338, 34.807763]}}, {"type": "Feature", "properties": {"name": "DartPoints Columbia, SC - CAE1", "operator": "DartPoints, LLC", "city": "Columbia", "state": "SC", "networks": 2}, "geometry": {"type": "Point", "coordinates": [-81.030715, 33.987661]}}, {"type": "Feature", "properties": {"name": "DartPoints Charleston, SC - CHS1", "operator": "DartPoints, LLC", "city": "Ladson", "state": "SC", "networks": 3}, "geometry": {"type": "Point", "coordinates": [-80.101283, 32.964888]}}, {"type": "Feature", "properties": {"name": "Hosted Backbone Richmond1", "operator": "Hosted Backbone, LLC", "city": "Richmond", "state": "VA", "networks": 0}, "geometry": {"type": "Point", "coordinates": [-77.438443, 37.646784]}}, {"type": "Feature", "properties": {"name": "T5@Dallas", "operator": "T5 Data Centers", "city": "Plano", "state": "TX", "networks": 2}, "geometry": {"type": "Point", "coordinates": [-96.810993, 33.064858]}}, {"type": "Feature", "properties": {"name": "Digital Realty ATL14 - Atlanta", "operator": "Digital Realty", "city": "Atlanta", "state": "GA", "networks": 77}, "geometry": {"type": "Point", "coordinates": [-84.391309, 33.761611]}}, {"type": "Feature", "properties": {"name": "Bell MTS Data Centres G.P. - DC01", "operator": "Bell MTS Data Centres G.P.", "city": "Winnipeg", "state": "MB", "networks": 1}, "geometry": {"type": "Point", "coordinates": [-97.177727, 49.825016]}}, {"type": "Feature", "properties": {"name": "Anexio NJ1", "operator": "Anexio Datacenters, LLC", "city": "Piscataway", "state": "NJ", "networks": 0}, "geometry": {"type": "Point", "coordinates": [-74.484434, 40.557342]}}, {"type": "Feature", "properties": {"name": "Anexio ACC5", "operator": "Anexio Datacenters, LLC", "city": "Ashburn", "state": "VA", "networks": 0}, "geometry": {"type": "Point", "coordinates": [-77.463206, 39.020131]}}, {"type": "Feature", "properties": {"name": "Aecero - Orange County (SNA1)", "operator": "Aecero Inc.", "city": "Anaheim", "state": "CA", "networks": 1}, "geometry": {"type": "Point", "coordinates": [-117.971033, 33.848958]}}, {"type": "Feature", "properties": {"name": "Fibre Centre", "operator": "Fibre Centre, Ltd.", "city": "Moncton", "state": "NB", "networks": 15}, "geometry": {"type": "Point", "coordinates": [-64.811639, 46.084345]}}, {"type": "Feature", "properties": {"name": "QuadraNet LAX", "operator": "QuadraNet Enterprises LLC", "city": "Los Angeles", "state": "CA", "networks": 7}, "geometry": {"type": "Point", "coordinates": [-118.393553, 33.945894]}}, {"type": "Feature", "properties": {"name": "DataBank Atlanta (ATL2)", "operator": "DataBank, Ltd.", "city": "Atlanta", "state": "GA", "networks": 5}, "geometry": {"type": "Point", "coordinates": [-84.425712, 33.733895]}}, {"type": "Feature", "properties": {"name": "FirstLight Regen Hut", "operator": "NNENIX", "city": "Portland", "state": "ME", "networks": 5}, "geometry": {"type": "Point", "coordinates": [-70.29982, 43.658074]}}, {"type": "Feature", "properties": {"name": "Opus Interactive Portland (PDX01)", "operator": "Opus Interactive, Inc.", "city": "Portland", "state": "OR", "networks": 0}, "geometry": {"type": "Point", "coordinates": [-122.683661, 45.52306]}}, {"type": "Feature", "properties": {"name": "Opus Interactive Hillsboro (HIO01)", "operator": "Opus Interactive, Inc.", "city": "Hillsboro", "state": "OR", "networks": 4}, "geometry": {"type": "Point", "coordinates": [-122.897906, 45.547403]}}, {"type": "Feature", "properties": {"name": "Opus Interactive Dallas (DTX01)", "operator": "Opus Interactive, Inc.", "city": "Dallas", "state": "TX", "networks": 0}, "geometry": {"type": "Point", "coordinates": [-96.7984, 32.778287]}}, {"type": "Feature", "properties": {"name": "Opus Interactive Silicon Valley (SJC01)", "operator": "Opus Interactive, Inc.", "city": "San Jose", "state": "CA", "networks": 0}, "geometry": {"type": "Point", "coordinates": [-121.892822, 37.402211]}}, {"type": "Feature", "properties": {"name": "Digital Fortress (PTL2)", "operator": "Digital Fortress", "city": "Beaverton", "state": "OR", "networks": 5}, "geometry": {"type": "Point", "coordinates": [-122.776398, 45.476347]}}, {"type": "Feature", "properties": {"name": "WhiteLabelITSolutions", "operator": "WhiteLabel IT Solutions Corp", "city": "Hackensack", "state": "NJ", "networks": 3}, "geometry": {"type": "Point", "coordinates": [-74.050276, 40.883258]}}, {"type": "Feature", "properties": {"name": "Bresco Broadband Data Center", "operator": "Bresco Broadband", "city": "Columbus", "state": "OH", "networks": 5}, "geometry": {"type": "Point", "coordinates": [-82.988601, 39.959803]}}, {"type": "Feature", "properties": {"name": "Continental Plaza", "operator": "Bresco Broadband", "city": "Columbus", "state": "OH", "networks": 1}, "geometry": {"type": "Point", "coordinates": [-82.995858, 39.963223]}}, {"type": "Feature", "properties": {"name": "H5 Data Centers Secaucus (NJ01)", "operator": "H5 Data Centers", "city": "Secaucus", "state": "NJ", "networks": 8}, "geometry": {"type": "Point", "coordinates": [-74.076264, 40.784817]}}, {"type": "Feature", "properties": {"name": "H5 Data Centers Portland (OR01)", "operator": "H5 Data Centers", "city": "Portland", "state": "OR", "networks": 3}, "geometry": {"type": "Point", "coordinates": [-122.683964, 45.531851]}}, {"type": "Feature", "properties": {"name": "Element Critical  Austin AUS1", "operator": "Element Critical, LLC", "city": "Austin", "state": "TX", "networks": 4}, "geometry": {"type": "Point", "coordinates": [-97.6963, 30.3421]}}, {"type": "Feature", "properties": {"name": "Tech Mahindra Cleveland", "operator": "Tech Mahindra Limited", "city": "Cleveland", "state": "OH", "networks": 1}, "geometry": {"type": "Point", "coordinates": [-81.693321, 41.49786]}}, {"type": "Feature", "properties": {"name": "Cologix MIN4", "operator": "Cologix, Inc.", "city": "Minneapolis", "state": "MN", "networks": 9}, "geometry": {"type": "Point", "coordinates": [-93.25458, 44.971408]}}, {"type": "Feature", "properties": {"name": "H5 Data Centers Nashville (TN01)", "operator": "H5 Data Centers", "city": "Nashville", "state": "TN", "networks": 2}, "geometry": {"type": "Point", "coordinates": [-86.776316, 36.162621]}}, {"type": "Feature", "properties": {"name": "75 Broad Street", "operator": "JEMB Realty Corporation", "city": "New York", "state": "NY", "networks": 5}, "geometry": {"type": "Point", "coordinates": [-74.01123, 40.704687]}}, {"type": "Feature", "properties": {"name": "H5 Data Centers Minneapolis", "operator": "H5 Data Centers", "city": "St. Paul", "state": "MN", "networks": 3}, "geometry": {"type": "Point", "coordinates": [-93.147411, 44.972309]}}, {"type": "Feature", "properties": {"name": "H5 Data Centers St. Louis (MO01)", "operator": "H5 Data Centers", "city": "St. Louis", "state": "MO", "networks": 4}, "geometry": {"type": "Point", "coordinates": [-90.195813, 38.632728]}}, {"type": "Feature", "properties": {"name": "vXchnge Raleigh-Durham (NC01)", "operator": "vXchnge", "city": "Durham", "state": "NC", "networks": 2}, "geometry": {"type": "Point", "coordinates": [-78.849214, 35.895769]}}, {"type": "Feature", "properties": {"name": "Evocative New York (JFK2)", "operator": "VPLS", "city": "Chappaqua", "state": "NY", "networks": 1}, "geometry": {"type": "Point", "coordinates": [-73.755109, 41.180558]}}, {"type": "Feature", "properties": {"name": "H5 Data Centers Pittsburgh (PA02)", "operator": "H5 Data Centers", "city": "Pittsburgh", "state": "PA", "networks": 4}, "geometry": {"type": "Point", "coordinates": [-79.980564, 40.452053]}}, {"type": "Feature", "properties": {"name": "Verizon Atlanta", "operator": "Verizon Communications, Inc.", "city": "Atlanta", "state": "GA", "networks": 1}, "geometry": {"type": "Point", "coordinates": [-84.417833, 33.727965]}}, {"type": "Feature", "properties": {"name": "University of Oregon", "operator": "University of Oregon", "city": "Eugene", "state": "OR", "networks": 2}, "geometry": {"type": "Point", "coordinates": [-123.07043, 44.045988]}}, {"type": "Feature", "properties": {"name": "Centersquare Albuquerque (ABQ1)", "operator": "Centersquare", "city": "Albuquerque", "state": "NM", "networks": 3}, "geometry": {"type": "Point", "coordinates": [-106.651864, 35.086183]}}, {"type": "Feature", "properties": {"name": "Centersquare Atlanta (ATL1-A/B/C)", "operator": "Centersquare", "city": "Lithia Springs", "state": "GA", "networks": 8}, "geometry": {"type": "Point", "coordinates": [-84.58259, 33.74424]}}, {"type": "Feature", "properties": {"name": "Centersquare Boston (BOS1-A)", "operator": "Centersquare", "city": "Waltham", "state": "MA", "networks": 5}, "geometry": {"type": "Point", "coordinates": [-71.267452, 42.396785]}}, {"type": "Feature", "properties": {"name": "AINET - Beltsville", "operator": "AiNET Corporation", "city": "Beltsville", "state": "MD", "networks": 5}, "geometry": {"type": "Point", "coordinates": [-76.925864, 39.052767]}}, {"type": "Feature", "properties": {"name": "Consolidated - 770 Elm St.", "operator": "Consolidated Communications, Inc.", "city": "Manchester", "state": "NH", "networks": 0}, "geometry": {"type": "Point", "coordinates": [-71.46365, 42.989023]}}, {"type": "Feature", "properties": {"name": "Consolidated - 266 Main St.", "operator": "Consolidated Communications, Inc.", "city": "Burlington", "state": "VT", "networks": 1}, "geometry": {"type": "Point", "coordinates": [-73.208582, 44.476496]}}, {"type": "Feature", "properties": {"name": "Consolidated - 45 Forest Ave.", "operator": "Consolidated Communications, Inc.", "city": "Portland", "state": "ME", "networks": 1}, "geometry": {"type": "Point", "coordinates": [-70.263803, 43.656009]}}, {"type": "Feature", "properties": {"name": "Switch Tahoe Reno", "operator": "Switch, Ltd.", "city": "McCarran", "state": "NV", "networks": 7}, "geometry": {"type": "Point", "coordinates": [-119.471281, 39.515706]}}, {"type": "Feature", "properties": {"name": "Sabey Intergate East Building 4", "operator": "Sabey Data Centers", "city": "Tukwila", "state": "WA", "networks": 13}, "geometry": {"type": "Point", "coordinates": [-122.293706, 47.493087]}}, {"type": "Feature", "properties": {"name": "Innovation Place - 121RD", "operator": "Saskatoon Internet Exchange Inc", "city": "Saskatoon", "state": "SK", "networks": 10}, "geometry": {"type": "Point", "coordinates": [-106.625014, 52.142463]}}, {"type": "Feature", "properties": {"name": "Verus Corportation", "operator": "Verus Corporation, Inc.", "city": "Coon Rapids", "state": "MN", "networks": 0}, "geometry": {"type": "Point", "coordinates": [-93.2728, 45.124986]}}, {"type": "Feature", "properties": {"name": "DataBank Dallas (DFW1)", "operator": "DataBank, Ltd.", "city": "Dallas", "state": "TX", "networks": 43}, "geometry": {"type": "Point", "coordinates": [-96.7984, 32.778287]}}, {"type": "Feature", "properties": {"name": "DataBank Dallas (DFW2)", "operator": "DataBank, Ltd.", "city": "Richardson", "state": "TX", "networks": 7}, "geometry": {"type": "Point", "coordinates": [-96.711345, 32.966683]}}, {"type": "Feature", "properties": {"name": "DataBank Dallas (DFW3)", "operator": "DataBank, Ltd.", "city": "Plano", "state": "TX", "networks": 8}, "geometry": {"type": "Point", "coordinates": [-96.813905, 33.08846]}}, {"type": "Feature", "properties": {"name": "DataBank Minneapolis (MSP1)", "operator": "DataBank, Ltd.", "city": "Edina", "state": "MN", "networks": 5}, "geometry": {"type": "Point", "coordinates": [-93.330405, 44.862766]}}, {"type": "Feature", "properties": {"name": "DataBank Minneapolis (MSP2)", "operator": "DataBank, Ltd.", "city": "Eagan", "state": "MN", "networks": 11}, "geometry": {"type": "Point", "coordinates": [-93.145777, 44.838484]}}, {"type": "Feature", "properties": {"name": "DataBank Kansas City (MCI2)", "operator": "DataBank, Ltd.", "city": "Overland Park", "state": "KS", "networks": 3}, "geometry": {"type": "Point", "coordinates": [-94.708903, 38.975187]}}, {"type": "Feature", "properties": {"name": "DataBank Cleveland (CLE1)", "operator": "DataBank, Ltd.", "city": "Cleveland", "state": "OH", "networks": 3}, "geometry": {"type": "Point", "coordinates": [-81.684102, 41.501022]}}, {"type": "Feature", "properties": {"name": "DataBank Pittsburgh (PIT1)", "operator": "DataBank, Ltd.", "city": "Pittsburgh", "state": "PA", "networks": 37}, "geometry": {"type": "Point", "coordinates": [-80.005186, 40.451062]}}, {"type": "Feature", "properties": {"name": "DataBank Salt Lake City (SLC1)", "operator": "DataBank, Ltd.", "city": "Salt Lake City", "state": "UT", "networks": 46}, "geometry": {"type": "Point", "coordinates": [-111.885833, 40.768519]}}, {"type": "Feature", "properties": {"name": "DataBank Salt Lake City (SLC2)", "operator": "DataBank, Ltd.", "city": "Bluffdale", "state": "UT", "networks": 25}, "geometry": {"type": "Point", "coordinates": [-111.904533, 40.480032]}}, {"type": "Feature", "properties": {"name": "DataBank Salt Lake City (SLC3)", "operator": "DataBank, Ltd.", "city": "Bluffdale", "state": "UT", "networks": 15}, "geometry": {"type": "Point", "coordinates": [-111.905781, 40.479891]}}, {"type": "Feature", "properties": {"name": "1706 Richardson", "operator": "Heritage NetWorks", "city": "Delta Junction", "state": "AK", "networks": 0}, "geometry": {"type": "Point", "coordinates": [-145.731673, 64.034628]}}, {"type": "Feature", "properties": {"name": "Smartcom Telephone (MCAL2)", "operator": "Smartcom Telephone, LLC", "city": "McAllen", "state": "TX", "networks": 0}, "geometry": {"type": "Point", "coordinates": [-98.225848, 26.203611]}}, {"type": "Feature", "properties": {"name": "Smartcom Telephone (MCAL1)", "operator": "Smartcom Telephone, LLC", "city": "McAllen", "state": "TX", "networks": 1}, "geometry": {"type": "Point", "coordinates": [-98.225835, 26.203638]}}, {"type": "Feature", "properties": {"name": "TierPoint Dallas", "operator": "TierPoint, LLC", "city": "Dallas", "state": "TX", "networks": 14}, "geometry": {"type": "Point", "coordinates": [-96.857362, 32.807982]}}, {"type": "Feature", "properties": {"name": "TierPoint Dallas2 - Allen", "operator": "TierPoint, LLC", "city": "Allen", "state": "TX", "networks": 6}, "geometry": {"type": "Point", "coordinates": [-96.657906, 33.137525]}}, {"type": "Feature", "properties": {"name": "TierPoint Jacksonville", "operator": "TierPoint, LLC", "city": "Jacksonville", "state": "FL", "networks": 6}, "geometry": {"type": "Point", "coordinates": [-81.581459, 30.216587]}}, {"type": "Feature", "properties": {"name": "TierPoint Nashville", "operator": "TierPoint, LLC", "city": "Franklin", "state": "TN", "networks": 4}, "geometry": {"type": "Point", "coordinates": [-86.85582, 35.924575]}}, {"type": "Feature", "properties": {"name": "KIO M\u00e9xico 2 (MEX2)", "operator": "KIO", "city": "Cuajimalpa de Morelos", "state": "Ciudad de Mexico", "networks": 24}, "geometry": {"type": "Point", "coordinates": [-99.255181, 19.378255]}}, {"type": "Feature", "properties": {"name": "Equinix DE1 - Denver", "operator": "Equinix, Inc.", "city": "Englewood", "state": "CO", "networks": 7}, "geometry": {"type": "Point", "coordinates": [-104.864707, 39.587739]}}, {"type": "Feature", "properties": {"name": "EDCDET01", "operator": "TelNet Worldwide, Inc.", "city": "Southfield", "state": "MI", "networks": 3}, "geometry": {"type": "Point", "coordinates": [-83.261226, 42.448537]}}, {"type": "Feature", "properties": {"name": "Fireline Broadband", "operator": "Fireline Network Solutions, Inc dba: Fireline Broadband", "city": "Santa Fe Springs", "state": "CA", "networks": 0}, "geometry": {"type": "Point", "coordinates": [-118.073256, 33.948356]}}, {"type": "Feature", "properties": {"name": "Canada15Edge Data Center", "operator": "Canada15Edge Data Centers", "city": "Toronto", "state": "ON", "networks": 3}, "geometry": {"type": "Point", "coordinates": [-79.51565, 43.613146]}}, {"type": "Feature", "properties": {"name": "LightEdge Des Moines 1 (DSM1)", "operator": "LightEdge Solutions", "city": "Altoona", "state": "IA", "networks": 6}, "geometry": {"type": "Point", "coordinates": [-93.455473, 41.667665]}}, {"type": "Feature", "properties": {"name": "LightEdge Des Moines 2 (DSM2)", "operator": "LightEdge Solutions", "city": "Altoona", "state": "IA", "networks": 5}, "geometry": {"type": "Point", "coordinates": [-93.455725, 41.666762]}}, {"type": "Feature", "properties": {"name": "LightEdge Kansas City Subtropolis (KCI1)", "operator": "LightEdge Solutions", "city": "Kansas City", "state": "MO", "networks": 7}, "geometry": {"type": "Point", "coordinates": [-94.471237, 39.159195]}}, {"type": "Feature", "properties": {"name": "LightEdge Omaha (OMA1)", "operator": "LightEdge Solutions", "city": "Papillion", "state": "NE", "networks": 1}, "geometry": {"type": "Point", "coordinates": [-96.025585, 41.159748]}}, {"type": "Feature", "properties": {"name": "EBOX 1225STCO", "operator": "EBOX", "city": "Longueuil", "state": "QC", "networks": 1}, "geometry": {"type": "Point", "coordinates": [-73.520564, 45.522757]}}, {"type": "Feature", "properties": {"name": "Quest Roseville", "operator": "Quest Media &amp; Supplies, Inc.", "city": "Roseville", "state": "CA", "networks": 0}, "geometry": {"type": "Point", "coordinates": [-121.313861, 38.789905]}}, {"type": "Feature", "properties": {"name": "Omnis Network Phoenix", "operator": "Quantum Names, LLC", "city": "Tempe", "state": "AZ", "networks": 4}, "geometry": {"type": "Point", "coordinates": [-111.952418, 33.394673]}}, {"type": "Feature", "properties": {"name": "MDC El Paso", "operator": "MDC Data Centers", "city": "El Paso", "state": "TX", "networks": 16}, "geometry": {"type": "Point", "coordinates": [-106.309928, 31.750001]}}, {"type": "Feature", "properties": {"name": "MDC Laredo", "operator": "MDC Data Centers", "city": "Laredo", "state": "TX", "networks": 9}, "geometry": {"type": "Point", "coordinates": [-99.450354, 27.690636]}}, {"type": "Feature", "properties": {"name": "Cogent New York 1", "operator": "Cogent Communications, Inc.", "city": "New York", "state": "NY", "networks": 7}, "geometry": {"type": "Point", "coordinates": [-74.013972, 40.705781]}}, {"type": "Feature", "properties": {"name": "KIO Panam\u00e1 1 (PAN1)", "operator": "KIO", "city": "Panama", "state": "Panama", "networks": 7}, "geometry": {"type": "Point", "coordinates": [-79.593352, 8.927542]}}, {"type": "Feature", "properties": {"name": "KIO Santo Domingo 1 (SDO1)", "operator": "KIO", "city": "Santo Domingo Este", "state": "Santo Domingo", "networks": 3}, "geometry": {"type": "Point", "coordinates": [-69.707041, 18.46157]}}, {"type": "Feature", "properties": {"name": "KIO M\u00e9xico 5 (MEX5)", "operator": "KIO", "city": "Tultitlan", "state": "Estado de Mexico", "networks": 28}, "geometry": {"type": "Point", "coordinates": [-99.152562, 19.628098]}}, {"type": "Feature", "properties": {"name": "KIO M\u00e9xico 3 (MEX3)", "operator": "KIO", "city": "Santa Fe", "state": "Ciudad de Mexico", "networks": 6}, "geometry": {"type": "Point", "coordinates": [-99.260456, 19.372741]}}, {"type": "Feature", "properties": {"name": "KIO M\u00e9xico 4 (MEX4)", "operator": "KIO", "city": "Huixquilucan", "state": "Estado de Mexico", "networks": 12}, "geometry": {"type": "Point", "coordinates": [-99.27421, 19.400262]}}, {"type": "Feature", "properties": {"name": "CyrusOne Sterling V", "operator": "CyrusOne Inc.", "city": "Sterling", "state": "VA", "networks": 1}, "geometry": {"type": "Point", "coordinates": [-77.435827, 39.027202]}}, {"type": "Feature", "properties": {"name": "Coloblox Data Centers ATL2", "operator": "Coloblox Data Centers Inc", "city": "Atlanta", "state": "GA", "networks": 4}, "geometry": {"type": "Point", "coordinates": [-84.391243, 33.755851]}}, {"type": "Feature", "properties": {"name": "Equinix BO2 - Boston, Billerica", "operator": "Equinix, Inc.", "city": "Billerica", "state": "MA", "networks": 2}, "geometry": {"type": "Point", "coordinates": [-71.215669, 42.55167]}}, {"type": "Feature", "properties": {"name": "Digital Realty SJC (3205 Alfred St)", "operator": "Digital Realty", "city": "Santa Clara", "state": "CA", "networks": 0}, "geometry": {"type": "Point", "coordinates": [-121.958562, 37.379576]}}, {"type": "Feature", "properties": {"name": "Digital Realty SJC (3105 Alfred St)", "operator": "Digital Realty", "city": "Santa Clara", "state": "CA", "networks": 2}, "geometry": {"type": "Point", "coordinates": [-121.958112, 37.378271]}}, {"type": "Feature", "properties": {"name": "Digital Realty SJC (3011 Lafayette St)", "operator": "Digital Realty", "city": "Santa Clara", "state": "CA", "networks": 1}, "geometry": {"type": "Point", "coordinates": [-121.948543, 37.376362]}}, {"type": "Feature", "properties": {"name": "Digital Realty SJC (1725 Comstock St)", "operator": "Digital Realty", "city": "Santa Clara", "state": "CA", "networks": 0}, "geometry": {"type": "Point", "coordinates": [-121.958096, 37.375034]}}, {"type": "Feature", "properties": {"name": "Digital Realty SJC (1525 Comstock St)", "operator": "Digital Realty", "city": "Santa Clara", "state": "CA", "networks": 2}, "geometry": {"type": "Point", "coordinates": [-121.956008, 37.37493]}}, {"type": "Feature", "properties": {"name": "Digital Realty SJC (1500 Space Park Dr)", "operator": "Digital Realty", "city": "Santa Clara", "state": "CA", "networks": 0}, "geometry": {"type": "Point", "coordinates": [-121.955182, 37.375801]}}, {"type": "Feature", "properties": {"name": "Digital Realty SJC (1201 Comstock St)", "operator": "Digital Realty", "city": "Santa Clara", "state": "CA", "networks": 1}, "geometry": {"type": "Point", "coordinates": [-121.954079, 37.37498]}}, {"type": "Feature", "properties": {"name": "Digital Realty IAD (44100 Digital Loudoun)", "operator": "Digital Realty", "city": "Ashburn", "state": "VA", "networks": 10}, "geometry": {"type": "Point", "coordinates": [-77.47841, 39.001795]}}, {"type": "Feature", "properties": {"name": "H5 Data Centers Virginia (4030)", "operator": "H5 Data Centers", "city": "Chantilly", "state": "VA", "networks": 1}, "geometry": {"type": "Point", "coordinates": [-77.472549, 38.910141]}}, {"type": "Feature", "properties": {"name": "H5 Data Centers Virginia (4040)", "operator": "H5 Data Centers", "city": "Chantilly", "state": "VA", "networks": 1}, "geometry": {"type": "Point", "coordinates": [-77.473498, 38.909881]}}, {"type": "Feature", "properties": {"name": "H5 Data Centers Virginia (4050)", "operator": "H5 Data Centers", "city": "Chantilly", "state": "VA", "networks": 1}, "geometry": {"type": "Point", "coordinates": [-77.472266, 38.909241]}}, {"type": "Feature", "properties": {"name": "43915 Devin Shafron", "operator": "GI Property Management", "city": "Ashburn", "state": "VA", "networks": 3}, "geometry": {"type": "Point", "coordinates": [-77.481851, 39.002814]}}, {"type": "Feature", "properties": {"name": "Digital Realty IAD (43881 Devin Shafron)", "operator": "Digital Realty", "city": "Ashburn", "state": "VA", "networks": 4}, "geometry": {"type": "Point", "coordinates": [-77.483444, 39.002034]}}, {"type": "Feature", "properties": {"name": "Digital Realty IAD (43791 Devin Shafron)", "operator": "Digital Realty", "city": "Ashburn", "state": "VA", "networks": 6}, "geometry": {"type": "Point", "coordinates": [-77.487214, 39.003285]}}, {"type": "Feature", "properties": {"name": "Digital Realty IAD (43830 Devin Shafron)", "operator": "Digital Realty", "city": "Ashburn", "state": "VA", "networks": 7}, "geometry": {"type": "Point", "coordinates": [-77.484108, 39.004182]}}, {"type": "Feature", "properties": {"name": "Digital Realty IAD (44060 Digital Loudoun)", "operator": "Digital Realty", "city": "Ashburn", "state": "VA", "networks": 3}, "geometry": {"type": "Point", "coordinates": [-77.47841, 39.001795]}}, {"type": "Feature", "properties": {"name": "Digital Realty IAD (44490 Chilum)", "operator": "Digital Realty", "city": "Ashburn", "state": "VA", "networks": 2}, "geometry": {"type": "Point", "coordinates": [-77.459831, 39.020901]}}, {"type": "Feature", "properties": {"name": "Digital Realty IAD (44520 Hastings)", "operator": "Digital Realty", "city": "Ashburn", "state": "VA", "networks": 1}, "geometry": {"type": "Point", "coordinates": [-77.459125, 39.020372]}}, {"type": "Feature", "properties": {"name": "Digital Realty IAD (21625 Gresham)", "operator": "Digital Realty", "city": "Ashburn", "state": "VA", "networks": 4}, "geometry": {"type": "Point", "coordinates": [-77.465676, 39.017522]}}, {"type": "Feature", "properties": {"name": "Digital Realty IAD (21745 Sir Timothy)", "operator": "Digital Realty", "city": "Ashburn", "state": "VA", "networks": 2}, "geometry": {"type": "Point", "coordinates": [-77.466327, 39.014286]}}, {"type": "Feature", "properties": {"name": "Digital Realty IAD (1780 Business Center)", "operator": "Digital Realty", "city": "Reston", "state": "VA", "networks": 2}, "geometry": {"type": "Point", "coordinates": [-77.327203, 38.948482]}}, {"type": "Feature", "properties": {"name": "Digital Realty GNV (8217 Linton Hall)", "operator": "Digital Realty", "city": "Gainesville", "state": "VA", "networks": 0}, "geometry": {"type": "Point", "coordinates": [-77.596103, 38.775892]}}, {"type": "Feature", "properties": {"name": "Digital Realty CLT (113 N Myers St)", "operator": "Digital Realty", "city": "Charlotte", "state": "NC", "networks": 14}, "geometry": {"type": "Point", "coordinates": [-80.835538, 35.221885]}}, {"type": "Feature", "properties": {"name": "Digital Realty EWR (2 Peekay)", "operator": "Digital Realty", "city": "Clifton", "state": "NJ", "networks": 11}, "geometry": {"type": "Point", "coordinates": [-74.125188, 40.830886]}}, {"type": "Feature", "properties": {"name": "Digital Realty YYZ10 Toronto (371 Gough)", "operator": "Digital Realty", "city": "Markham", "state": "ON", "networks": 3}, "geometry": {"type": "Point", "coordinates": [-79.323485, 43.838346]}}, {"type": "Feature", "properties": {"name": "Digital Realty YYZ11 Toronto (1 Century)", "operator": "Digital Realty", "city": "Vaughan", "state": "ON", "networks": 0}, "geometry": {"type": "Point", "coordinates": [-79.543963, 43.777355]}}, {"type": "Feature", "properties": {"name": "Aphorio Carter Trumbull Data Center", "operator": "Aphorio Carter", "city": "Trumbull", "state": "CT", "networks": 1}, "geometry": {"type": "Point", "coordinates": [-73.147321, 41.240684]}}, {"type": "Feature", "properties": {"name": "RedIT Queretaro", "operator": "ATC HOLDING FIBRA MEXICO", "city": "Queretaro", "state": "Queretaro", "networks": 0}, "geometry": {"type": "Point", "coordinates": [-100.362761, 20.558668]}}, {"type": "Feature", "properties": {"name": "Digital Realty AUS11 - Austin", "operator": "Digital Realty", "city": "Austin", "state": "TX", "networks": 2}, "geometry": {"type": "Point", "coordinates": [-97.695775, 30.212179]}}, {"type": "Feature", "properties": {"name": "Jaguar Communications", "operator": "Jaguar Communications", "city": "Owatonna", "state": "MN", "networks": 0}, "geometry": {"type": "Point", "coordinates": [-93.228236, 44.083125]}}, {"type": "Feature", "properties": {"name": "Serverfarm LAX1 Los Angeles", "operator": "Serverfarm", "city": "El Segundo", "state": "CA", "networks": 4}, "geometry": {"type": "Point", "coordinates": [-118.386551, 33.921614]}}, {"type": "Feature", "properties": {"name": "Cogent Seattle", "operator": "Cogent Communications, Inc.", "city": "Federal Way", "state": "WA", "networks": 3}, "geometry": {"type": "Point", "coordinates": [-122.294551, 47.31176]}}, {"type": "Feature", "properties": {"name": "Cogent Herndon", "operator": "Cogent Communications, Inc.", "city": "Herndon", "state": "VA", "networks": 2}, "geometry": {"type": "Point", "coordinates": [-77.380442, 38.962883]}}, {"type": "Feature", "properties": {"name": "Burbank Water and Power", "operator": "City of Burbank", "city": "Burbank", "state": "CA", "networks": 0}, "geometry": {"type": "Point", "coordinates": [-118.316743, 34.177856]}}, {"type": "Feature", "properties": {"name": "Flexential - Philadelphia/Collegeville (PHL01)", "operator": "Flexential Corp.", "city": "Collegeville", "state": "PA", "networks": 2}, "geometry": {"type": "Point", "coordinates": [-75.479529, 40.151699]}}, {"type": "Feature", "properties": {"name": "Flexential - Dallas/Plano (DFW01)", "operator": "Flexential Corp.", "city": "Plano", "state": "TX", "networks": 3}, "geometry": {"type": "Point", "coordinates": [-96.666318, 33.007418]}}, {"type": "Feature", "properties": {"name": "Flexential - Fort Lauderdale (FLL1/2)", "operator": "Flexential Corp.", "city": "Fort Lauderdale", "state": "FL", "networks": 1}, "geometry": {"type": "Point", "coordinates": [-80.19326, 26.190264]}}, {"type": "Feature", "properties": {"name": "Flexential - Atlanta/Norcross (ATL1/2)", "operator": "Flexential Corp.", "city": "Norcross", "state": "GA", "networks": 1}, "geometry": {"type": "Point", "coordinates": [-84.198645, 33.954763]}}, {"type": "Feature", "properties": {"name": "Flexential - Atlanta/Alpharetta (ATL3/4)", "operator": "Flexential Corp.", "city": "Alpharetta", "state": "GA", "networks": 2}, "geometry": {"type": "Point", "coordinates": [-84.252346, 34.08716]}}, {"type": "Feature", "properties": {"name": "Flexential - Charlotte/South (CLT1/2/3)", "operator": "Flexential Corp.", "city": "Charlotte", "state": "NC", "networks": 5}, "geometry": {"type": "Point", "coordinates": [-80.93693, 35.135366]}}, {"type": "Feature", "properties": {"name": "Flexential - Charlotte/North (CLT4/5)", "operator": "Flexential Corp.", "city": "Charlotte", "state": "NC", "networks": 5}, "geometry": {"type": "Point", "coordinates": [-80.766017, 35.329674]}}, {"type": "Feature", "properties": {"name": "Flexential - Jacksonville (JAX1/2)", "operator": "Flexential Corp.", "city": "Jacksonville", "state": "FL", "networks": 2}, "geometry": {"type": "Point", "coordinates": [-81.581866, 30.24567]}}, {"type": "Feature", "properties": {"name": "Flexential - Louisville/Downtown (LOU02/03/04)", "operator": "Flexential Corp.", "city": "Louisville", "state": "KY", "networks": 2}, "geometry": {"type": "Point", "coordinates": [-85.733412, 38.242458]}}, {"type": "Feature", "properties": {"name": "Flexential - Louisville/East (LOU5)", "operator": "Flexential Corp.", "city": "Louisville", "state": "KY", "networks": 0}, "geometry": {"type": "Point", "coordinates": [-85.50733, 38.276081]}}, {"type": "Feature", "properties": {"name": "Flexential - Nashville/Brentwood (NAS01/04)", "operator": "Flexential Corp.", "city": "Brentwood", "state": "TN", "networks": 1}, "geometry": {"type": "Point", "coordinates": [-86.808748, 35.972453]}}, {"type": "Feature", "properties": {"name": "Flexential - Nashville/Cool Springs (NAS02/03)", "operator": "Flexential Corp.", "city": "Franklin", "state": "TN", "networks": 3}, "geometry": {"type": "Point", "coordinates": [-86.833251, 35.951091]}}, {"type": "Feature", "properties": {"name": "Flexential - Nashville/Franklin (NAS05/06)", "operator": "Flexential Corp.", "city": "Franklin", "state": "TN", "networks": 1}, "geometry": {"type": "Point", "coordinates": [-86.815618, 35.92028]}}, {"type": "Feature", "properties": {"name": "Flexential - Raleigh (RAL01/02/03)", "operator": "Flexential Corp.", "city": "Morrisville", "state": "NC", "networks": 6}, "geometry": {"type": "Point", "coordinates": [-78.829017, 35.84984]}}, {"type": "Feature", "properties": {"name": "Flexential - Richmond (RIC01/02)", "operator": "Flexential Corp.", "city": "Richmond", "state": "VA", "networks": 1}, "geometry": {"type": "Point", "coordinates": [-77.438443, 37.646784]}}, {"type": "Feature", "properties": {"name": "Flexential - Tampa/West (TPA01/02)", "operator": "Flexential Corp.", "city": "Tampa", "state": "FL", "networks": 2}, "geometry": {"type": "Point", "coordinates": [-82.540938, 28.036955]}}, {"type": "Feature", "properties": {"name": "Flexential - Tampa/North (TPA03)", "operator": "Flexential Corp.", "city": "Tampa", "state": "FL", "networks": 4}, "geometry": {"type": "Point", "coordinates": [-82.368201, 28.074222]}}, {"type": "Feature", "properties": {"name": "Colocation Northwest - Tacoma", "operator": "IsoFusion / Colocation Northwest", "city": "Tacoma", "state": "WA", "networks": 4}, "geometry": {"type": "Point", "coordinates": [-122.436765, 47.253339]}}, {"type": "Feature", "properties": {"name": "Netflash Datacentre - Victoria St, Kitchener", "operator": "Netflash Internet Solutions", "city": "Kitchener", "state": "ON", "networks": 1}, "geometry": {"type": "Point", "coordinates": [-80.452487, 43.468542]}}, {"type": "Feature", "properties": {"name": "702 Communications - Moorhead, MN", "operator": "702 Communications", "city": "Moorhead", "state": "MN", "networks": 2}, "geometry": {"type": "Point", "coordinates": [-96.769171, 46.874078]}}, {"type": "Feature", "properties": {"name": "Data Center West Medford", "operator": "Data Center West, Inc.", "city": "Medford", "state": "OR", "networks": 4}, "geometry": {"type": "Point", "coordinates": [-122.880416, 42.332451]}}, {"type": "Feature", "properties": {"name": "Data Center West Eugene", "operator": "Data Center West, Inc.", "city": "Eugene", "state": "OR", "networks": 2}, "geometry": {"type": "Point", "coordinates": [-123.093116, 44.05071]}}, {"type": "Feature", "properties": {"name": "H5 Data Centers Albuquerque", "operator": "H5 Data Centers", "city": "Albuquerque", "state": "NM", "networks": 19}, "geometry": {"type": "Point", "coordinates": [-106.652284, 35.088555]}}, {"type": "Feature", "properties": {"name": "EdgeConneX Toronto (EDCTOR01)", "operator": "EdgeConneX Inc.", "city": "North York", "state": "ON", "networks": 1}, "geometry": {"type": "Point", "coordinates": [-79.342696, 43.809518]}}, {"type": "Feature", "properties": {"name": "EdgeConneX Miami (EDCMIA02)", "operator": "EdgeConneX Inc.", "city": "Miami", "state": "FL", "networks": 3}, "geometry": {"type": "Point", "coordinates": [-80.191391, 25.945524]}}, {"type": "Feature", "properties": {"name": "University of Maine - Neville Telecom Colo", "operator": "University of Maine System", "city": "Orono", "state": "ME", "networks": 3}, "geometry": {"type": "Point", "coordinates": [-68.66674, 44.901994]}}, {"type": "Feature", "properties": {"name": "Digital Realty PHX15 (2121 S Price Rd)", "operator": "Digital Realty", "city": "Chandler", "state": "AZ", "networks": 6}, "geometry": {"type": "Point", "coordinates": [-111.886948, 33.27485]}}, {"type": "Feature", "properties": {"name": "QTS Ashburn (ASH1)", "operator": "QTS Realty Trust, Inc.", "city": "Sterling", "state": "VA", "networks": 5}, "geometry": {"type": "Point", "coordinates": [-77.448809, 39.000373]}}, {"type": "Feature", "properties": {"name": "WowRack", "operator": "Serverhosh Internet Service", "city": "Tukwila", "state": "WA", "networks": 21}, "geometry": {"type": "Point", "coordinates": [-122.293712, 47.49312]}}, {"type": "Feature", "properties": {"name": "Digital Realty IAD 39 (44274 Round Table)", "operator": "Digital Realty", "city": "Ashburn", "state": "VA", "networks": 15}, "geometry": {"type": "Point", "coordinates": [-96.822079, 32.958748]}}, {"type": "Feature", "properties": {"name": "CyrusOne Dallas (Allen)", "operator": "CyrusOne Inc.", "city": "Allen", "state": "TX", "networks": 1}, "geometry": {"type": "Point", "coordinates": [-96.657906, 33.137525]}}, {"type": "Feature", "properties": {"name": "Lawton Information Services, LLC", "operator": "Lawton Information Services, LLC", "city": "Lakeland", "state": "FL", "networks": 1}, "geometry": {"type": "Point", "coordinates": [-81.965329, 27.958465]}}, {"type": "Feature", "properties": {"name": "HostDime Orlando Data Center", "operator": "HostDime", "city": "Orlando", "state": "FL", "networks": 8}, "geometry": {"type": "Point", "coordinates": [-81.393381, 28.617526]}}, {"type": "Feature", "properties": {"name": "HostDime GDL Mexico Data Center", "operator": "HostDime", "city": "Guadalajara", "state": "JAL", "networks": 12}, "geometry": {"type": "Point", "coordinates": [-103.397993, 20.657444]}}, {"type": "Feature", "properties": {"name": "KIO Monterrey 1 (MTY1)", "operator": "KIO", "city": "Monterrey", "state": "Nuevo Leon", "networks": 5}, "geometry": {"type": "Point", "coordinates": [-100.358549, 25.649217]}}, {"type": "Feature", "properties": {"name": "eStruxture MTL-2", "operator": "eStruxture Data Centers Inc.", "city": "Montreal", "state": "QC", "networks": 10}, "geometry": {"type": "Point", "coordinates": [-73.632047, 45.457686]}}, {"type": "Feature", "properties": {"name": "eStruxture MTL-3", "operator": "eStruxture Data Centers Inc.", "city": "Boucherville", "state": "QC", "networks": 5}, "geometry": {"type": "Point", "coordinates": [-73.426622, 45.56699]}}, {"type": "Feature", "properties": {"name": "CentriLogic Rochester (ROC)", "operator": "CentriLogic", "city": "Rochester", "state": "NY", "networks": 2}, "geometry": {"type": "Point", "coordinates": [-77.673029, 43.167127]}}, {"type": "Feature", "properties": {"name": "CentriLogic Buffalo (BUF)", "operator": "CentriLogic", "city": "Buffalo", "state": "NY", "networks": 1}, "geometry": {"type": "Point", "coordinates": [-78.875431, 42.884112]}}, {"type": "Feature", "properties": {"name": "CentriLogic York (YOR)", "operator": "CentriLogic", "city": "Toronto", "state": "ON", "networks": 2}, "geometry": {"type": "Point", "coordinates": [-79.382514, 43.646226]}}, {"type": "Feature", "properties": {"name": "CentriLogic Traders (TRA)", "operator": "CentriLogic", "city": "Mississauga", "state": "ON", "networks": 1}, "geometry": {"type": "Point", "coordinates": [-79.669945, 43.628325]}}, {"type": "Feature", "properties": {"name": "CentriLogic Tranmere (TME)", "operator": "CentriLogic", "city": "Mississauga", "state": "ON", "networks": 1}, "geometry": {"type": "Point", "coordinates": [-79.67696, 43.689049]}}, {"type": "Feature", "properties": {"name": "CentriLogic Mississauga (MIS)", "operator": "CentriLogic", "city": "Mississauga", "state": "ON", "networks": 1}, "geometry": {"type": "Point", "coordinates": [-79.636878, 43.596376]}}, {"type": "Feature", "properties": {"name": "X2nSat Petaluma", "operator": "X2nSat, Inc", "city": "Petaluma", "state": "CA", "networks": 0}, "geometry": {"type": "Point", "coordinates": [-122.666564, 38.274793]}}, {"type": "Feature", "properties": {"name": "TRG Datacenters Houston (HOU1) (HOU2)", "operator": "TRG Datacenters", "city": "Spring", "state": "TX", "networks": 18}, "geometry": {"type": "Point", "coordinates": [-95.459024, 30.065987]}}, {"type": "Feature", "properties": {"name": "TierPoint St. Louis - Olive", "operator": "TierPoint, LLC", "city": "St. Louis", "state": "MO", "networks": 2}, "geometry": {"type": "Point", "coordinates": [-90.196398, 38.629757]}}, {"type": "Feature", "properties": {"name": "TierPoint St. Louis - Walnut", "operator": "TierPoint, LLC", "city": "St. Louis", "state": "MO", "networks": 3}, "geometry": {"type": "Point", "coordinates": [-90.195238, 38.625536]}}, {"type": "Feature", "properties": {"name": "Wave Data Centers San Francisco", "operator": "Wave Division Holdings", "city": "San Francisco", "state": "CA", "networks": 0}, "geometry": {"type": "Point", "coordinates": [-122.398056, 37.723698]}}, {"type": "Feature", "properties": {"name": "Equinix HO1 - Houston", "operator": "Equinix, Inc.", "city": "Houston", "state": "TX", "networks": 4}, "geometry": {"type": "Point", "coordinates": [-95.36435, 29.9358]}}, {"type": "Feature", "properties": {"name": "TierPoint Baltimore", "operator": "TierPoint, LLC", "city": "Baltimore", "state": "MD", "networks": 7}, "geometry": {"type": "Point", "coordinates": [-76.625461, 39.27541]}}, {"type": "Feature", "properties": {"name": "Aunalytics Kalamazoo Datacenter", "operator": "Aunalytics", "city": "Kalamazoo", "state": "MI", "networks": 1}, "geometry": {"type": "Point", "coordinates": [-85.675111, 42.246545]}}, {"type": "Feature", "properties": {"name": "Iron Mountain Data Center - Manassas (VA-1)", "operator": "Iron Mountain Data Centers", "city": "Manassas", "state": "VA", "networks": 18}, "geometry": {"type": "Point", "coordinates": [-77.547069, 38.778046]}}, {"type": "Feature", "properties": {"name": "Serverfarm CH1 Chicago", "operator": "Serverfarm", "city": "Chicago", "state": "IL", "networks": 5}, "geometry": {"type": "Point", "coordinates": [-87.640153, 41.870905]}}, {"type": "Feature", "properties": {"name": "Serverfarm ATL1 Atlanta", "operator": "Serverfarm", "city": "Suwanee", "state": "GA", "networks": 2}, "geometry": {"type": "Point", "coordinates": [-84.063817, 34.036063]}}, {"type": "Feature", "properties": {"name": "ScaleMatrix Charlotte Data Center US-East 01", "operator": "ScaleMatrix Holdings, Inc.", "city": "Charlotte", "state": "NC", "networks": 1}, "geometry": {"type": "Point", "coordinates": [-80.927807, 35.173088]}}, {"type": "Feature", "properties": {"name": "Serverfarm TiTAN Moses Lake", "operator": "Serverfarm", "city": "Moses Lake", "state": "WA", "networks": 2}, "geometry": {"type": "Point", "coordinates": [-119.3215, 47.181497]}}, {"type": "Feature", "properties": {"name": "Serverfarm CH2 Oak Brook / Chicago", "operator": "Serverfarm", "city": "Oak Brook", "state": "IL", "networks": 1}, "geometry": {"type": "Point", "coordinates": [-87.941522, 41.845343]}}, {"type": "Feature", "properties": {"name": "ServerFarm SC1", "operator": "Serverfarm", "city": "Santa Clara", "state": "CA", "networks": 1}, "geometry": {"type": "Point", "coordinates": [-121.965885, 37.407382]}}, {"type": "Feature", "properties": {"name": "Serverfarm TOR1 Toronto", "operator": "Serverfarm", "city": "North York", "state": "ON", "networks": 1}, "geometry": {"type": "Point", "coordinates": [-79.527035, 43.729334]}}, {"type": "Feature", "properties": {"name": "CoreSite - Reston (VA3)", "operator": "CoreSite", "city": "Reston", "state": "VA", "networks": 15}, "geometry": {"type": "Point", "coordinates": [-77.371495, 38.948941]}}, {"type": "Feature", "properties": {"name": "Peace Communications NSH2", "operator": "Peace Communications (Formerly Nexus Group)", "city": "Nashville", "state": "TN", "networks": 3}, "geometry": {"type": "Point", "coordinates": [-86.668932, 36.103326]}}, {"type": "Feature", "properties": {"name": "ADN Datacenters", "operator": "ADN Solutions S.A. (Rokru Int.)", "city": "Alajuela", "state": "Costa Rica", "networks": 0}, "geometry": {"type": "Point", "coordinates": [-84.184745, 10.000507]}}, {"type": "Feature", "properties": {"name": "INOC Albany (11 North Pearl St)", "operator": "INOC, LLC", "city": "Albany", "state": "NY", "networks": 2}, "geometry": {"type": "Point", "coordinates": [-73.752061, 42.650018]}}, {"type": "Feature", "properties": {"name": "INOC Albany (4 Tower Pl)", "operator": "INOC, LLC", "city": "Albany", "state": "NY", "networks": 1}, "geometry": {"type": "Point", "coordinates": [-73.84255, 42.686106]}}, {"type": "Feature", "properties": {"name": "OzarksGo Fayetteville", "operator": "OzarksGo, LLC", "city": "Fayetteville", "state": "AR", "networks": 9}, "geometry": {"type": "Point", "coordinates": [-94.212464, 36.077952]}}, {"type": "Feature", "properties": {"name": "Intergate.Quincy", "operator": "Sabey Data Centers", "city": "Quincy", "state": "WA", "networks": 4}, "geometry": {"type": "Point", "coordinates": [-119.815715, 47.246308]}}, {"type": "Feature", "properties": {"name": "PureColo Ottawa DC1", "operator": "PureColo Inc.", "city": "Ottawa", "state": "ON", "networks": 19}, "geometry": {"type": "Point", "coordinates": [-75.910181, 45.340247]}}, {"type": "Feature", "properties": {"name": "Arrow Calgary DC1", "operator": "Arrow Datacenters Inc", "city": "Calgary", "state": "AB", "networks": 15}, "geometry": {"type": "Point", "coordinates": [-114.068889, 51.046944]}}, {"type": "Feature", "properties": {"name": "Subrigo LAX11", "operator": "SUBRIGO CORPORATION", "city": "Los Angeles", "state": "CA", "networks": 0}, "geometry": {"type": "Point", "coordinates": [-118.25618, 34.047423]}}, {"type": "Feature", "properties": {"name": "Subrigo DET11", "operator": "SUBRIGO CORPORATION", "city": "Southfield", "state": "MI", "networks": 1}, "geometry": {"type": "Point", "coordinates": [-83.238138, 42.471612]}}, {"type": "Feature", "properties": {"name": "Indiana University Data Center", "operator": "Indiana University", "city": "Bloomington", "state": "IN", "networks": 0}, "geometry": {"type": "Point", "coordinates": [-86.500753, 39.174464]}}, {"type": "Feature", "properties": {"name": "JAX NAP", "operator": "JAX NAP", "city": "Jacksonville", "state": "FL", "networks": 7}, "geometry": {"type": "Point", "coordinates": [-81.662322, 30.331375]}}, {"type": "Feature", "properties": {"name": "Simple Helix", "operator": "SimpleHelix", "city": "Huntsville", "state": "AL", "networks": 1}, "geometry": {"type": "Point", "coordinates": [-86.691888, 34.745454]}}, {"type": "Feature", "properties": {"name": "Vantage Data Centers (QC2)", "operator": "Vantage Data Centers", "city": "Quebec", "state": "QC", "networks": 5}, "geometry": {"type": "Point", "coordinates": [-71.30702, 46.796123]}}, {"type": "Feature", "properties": {"name": "Vantage Data Centers (QC1)", "operator": "Vantage Data Centers", "city": "Montreal", "state": "QC", "networks": 13}, "geometry": {"type": "Point", "coordinates": [-73.755405, 45.486462]}}, {"type": "Feature", "properties": {"name": "RACK59 Data Center", "operator": "RACK59 Partners, LLC", "city": "Oklahoma City", "state": "OK", "networks": 25}, "geometry": {"type": "Point", "coordinates": [-97.649302, 35.466482]}}, {"type": "Feature", "properties": {"name": "Neptuno Data Center", "operator": "Neptuno Media, Inc.", "city": "Guaynabo", "state": "PR", "networks": 3}, "geometry": {"type": "Point", "coordinates": [-66.103709, 18.415024]}}, {"type": "Feature", "properties": {"name": "eStruxture VAN-1", "operator": "eStruxture Data Centers Inc.", "city": "Vancouver", "state": "BC", "networks": 7}, "geometry": {"type": "Point", "coordinates": [-123.103739, 49.264902]}}, {"type": "Feature", "properties": {"name": "Hawaii Pacific Teleport", "operator": "Hawaii Pacific Teleport LP", "city": "Kapolei", "state": "HI", "networks": 1}, "geometry": {"type": "Point", "coordinates": [-158.08691, 21.334443]}}, {"type": "Feature", "properties": {"name": "Crown Castle Los Angeles (624 S Grand)", "operator": "Crown Castle Inc.", "city": "Los Angeles", "state": "CA", "networks": 13}, "geometry": {"type": "Point", "coordinates": [-118.255358, 34.047948]}}, {"type": "Feature", "properties": {"name": "IP Pathways DSM1", "operator": "IP Pathways, LLC", "city": "Urbandale", "state": "IA", "networks": 2}, "geometry": {"type": "Point", "coordinates": [-93.768033, 41.627418]}}, {"type": "Feature", "properties": {"name": "Rogers Calgary DC3 (Airdrie)", "operator": "Rogers Data Centres Inc.", "city": "Calgary", "state": "AB", "networks": 1}, "geometry": {"type": "Point", "coordinates": [-113.982966, 51.303458]}}, {"type": "Feature", "properties": {"name": "TulsaConnect DC3", "operator": "TulsaConnect", "city": "Tulsa", "state": "OK", "networks": 1}, "geometry": {"type": "Point", "coordinates": [-95.839889, 36.098083]}}, {"type": "Feature", "properties": {"name": "Bell Toronto", "operator": "Bell Canada (formally Group Telecom)", "city": "Toronto", "state": "ON", "networks": 6}, "geometry": {"type": "Point", "coordinates": [-79.384128, 43.644672]}}, {"type": "Feature", "properties": {"name": "QX.Net Lexington", "operator": "QX.Net", "city": "Lexington", "state": "KY", "networks": 0}, "geometry": {"type": "Point", "coordinates": [-84.499563, 38.047912]}}, {"type": "Feature", "properties": {"name": "Datacenter Zona 15", "operator": "INTERNET TELECOMUNICATION COMPANY DE GUATEMALA, S.A.", "city": "Guatemala City", "state": "Guatemala", "networks": 0}, "geometry": {"type": "Point", "coordinates": [-90.516257, 14.606753]}}, {"type": "Feature", "properties": {"name": "Evocative ATL1", "operator": "VPLS", "city": "Atlanta", "state": "GA", "networks": 10}, "geometry": {"type": "Point", "coordinates": [-84.39141, 33.761505]}}, {"type": "Feature", "properties": {"name": "NJFX", "operator": "NJFX, LLC", "city": "Wall", "state": "NJ", "networks": 11}, "geometry": {"type": "Point", "coordinates": [-74.052962, 40.16059]}}, {"type": "Feature", "properties": {"name": "LightWave Networks", "operator": "LightWave Networks", "city": "Needham", "state": "MA", "networks": 0}, "geometry": {"type": "Point", "coordinates": [-71.219577, 42.302267]}}, {"type": "Feature", "properties": {"name": "PureColo St John SJ1", "operator": "PureColo Inc.", "city": "Saint John", "state": "NB", "networks": 2}, "geometry": {"type": "Point", "coordinates": [-66.062245, 45.271917]}}, {"type": "Feature", "properties": {"name": "LightEdge Austin 1 (AUS1)", "operator": "LightEdge Solutions", "city": "Austin", "state": "TX", "networks": 2}, "geometry": {"type": "Point", "coordinates": [-97.712733, 30.214315]}}, {"type": "Feature", "properties": {"name": "LightEdge Austin 2 (AUS2)", "operator": "LightEdge Solutions", "city": "Austin", "state": "TX", "networks": 4}, "geometry": {"type": "Point", "coordinates": [-97.70627, 30.200169]}}, {"type": "Feature", "properties": {"name": "Ufinet Panam\u00e1 - Urbanizaci\u00f3n Obarrio", "operator": "Ufinet Panam\u00e1 S.A.", "city": "Panama", "state": "", "networks": 13}, "geometry": {"type": "Point", "coordinates": [-79.521681, 8.983551]}}, {"type": "Feature", "properties": {"name": "H5 Data Centers San Antonio", "operator": "H5 Data Centers", "city": "San Antonio", "state": "TX", "networks": 21}, "geometry": {"type": "Point", "coordinates": [-98.486791, 29.429369]}}, {"type": "Feature", "properties": {"name": "Coloblox Data Centers ATL3", "operator": "Coloblox Data Centers Inc", "city": "Atlanta", "state": "GA", "networks": 3}, "geometry": {"type": "Point", "coordinates": [-84.467834, 33.887451]}}, {"type": "Feature", "properties": {"name": "InterConnX Realty", "operator": "InterConnX Realty", "city": "Houston", "state": "TX", "networks": 0}, "geometry": {"type": "Point", "coordinates": [-95.369869, 29.754605]}}, {"type": "Feature", "properties": {"name": "NYI NY2 (60 Hudson Street)", "operator": "New York Internet", "city": "New York", "state": "NY", "networks": 14}, "geometry": {"type": "Point", "coordinates": [-74.008306, 40.717729]}}, {"type": "Feature", "properties": {"name": "365 Data Centers Bridgewater (BW1)", "operator": "365 Data Centers", "city": "Bridgewater", "state": "NJ", "networks": 4}, "geometry": {"type": "Point", "coordinates": [-74.573881, 40.58144]}}, {"type": "Feature", "properties": {"name": "COPT DC-6", "operator": "COPT DATA MANAGEMENT, LLC", "city": "Manassas", "state": "VA", "networks": 8}, "geometry": {"type": "Point", "coordinates": [-77.531749, 38.747494]}}, {"type": "Feature", "properties": {"name": "Stack Infrastructure Silicon Valley SVY01", "operator": "Stack Infrastructure", "city": "San Jose", "state": "CA", "networks": 1}, "geometry": {"type": "Point", "coordinates": [-121.892822, 37.402211]}}, {"type": "Feature", "properties": {"name": "HUB787 Data Center", "operator": "HUB Advanced Networks, LLC", "city": "Carolina", "state": "Puerto Rico", "networks": 14}, "geometry": {"type": "Point", "coordinates": [-66.021669, 18.442021]}}, {"type": "Feature", "properties": {"name": "NetAccess Hamilton HAM02", "operator": "NetAccess Systems Inc", "city": "Hamilton", "state": "ON", "networks": 1}, "geometry": {"type": "Point", "coordinates": [-79.870104, 43.256675]}}, {"type": "Feature", "properties": {"name": "eStruxture VAN-2", "operator": "eStruxture Data Centers Inc.", "city": "Vancouver", "state": "BC", "networks": 15}, "geometry": {"type": "Point", "coordinates": [-123.111935, 49.284697]}}, {"type": "Feature", "properties": {"name": "Encompass New York 60 Hudson", "operator": "Encompass Digital Media, Inc.", "city": "New York", "state": "NY", "networks": 1}, "geometry": {"type": "Point", "coordinates": [-74.008306, 40.717729]}}, {"type": "Feature", "properties": {"name": "Encompass New York 111 8th Ave", "operator": "Encompass Digital Media, Inc.", "city": "New York", "state": "NY", "networks": 0}, "geometry": {"type": "Point", "coordinates": [-74.003387, 40.741469]}}, {"type": "Feature", "properties": {"name": "Element Critical Chicago CH2", "operator": "Element Critical, LLC", "city": "Wood Dale", "state": "IL", "networks": 3}, "geometry": {"type": "Point", "coordinates": [-87.966966, 41.974047]}}, {"type": "Feature", "properties": {"name": "Element Critical Northern Virginia VA1", "operator": "Element Critical, LLC", "city": "Vienna", "state": "VA", "networks": 0}, "geometry": {"type": "Point", "coordinates": [-77.220473, 38.908613]}}, {"type": "Feature", "properties": {"name": "ark data centers - Duluth, MN", "operator": "ark data centers", "city": "Duluth", "state": "MN", "networks": 6}, "geometry": {"type": "Point", "coordinates": [-92.130338, 46.827451]}}, {"type": "Feature", "properties": {"name": "Cloudpath CT1 (26 Fahey St)", "operator": "Cloudpath LLC", "city": "Stamford", "state": "CT", "networks": 1}, "geometry": {"type": "Point", "coordinates": [-73.516758, 41.091604]}}, {"type": "Feature", "properties": {"name": "365 Data Centers Herndon (VA1)", "operator": "365 Data Centers", "city": "Herndon", "state": "VA", "networks": 4}, "geometry": {"type": "Point", "coordinates": [-77.428691, 38.934436]}}, {"type": "Feature", "properties": {"name": "Iron Mountain Data Center - Boston (BOS-1)", "operator": "Iron Mountain Data Centers", "city": "Northborough", "state": "MA", "networks": 1}, "geometry": {"type": "Point", "coordinates": [-71.639811, 42.340622]}}, {"type": "Feature", "properties": {"name": "Iron Mountain Data Center - Western Pennsylvania (WPA-1)", "operator": "Iron Mountain Data Centers", "city": "Boyers", "state": "PA", "networks": 4}, "geometry": {"type": "Point", "coordinates": [-79.912188, 41.092096]}}, {"type": "Feature", "properties": {"name": "Iron Mountain Data Center - Kansas City (KCM-1)", "operator": "Iron Mountain Data Centers", "city": "Kansas City", "state": "MO", "networks": 2}, "geometry": {"type": "Point", "coordinates": [-94.501281, 39.010862]}}, {"type": "Feature", "properties": {"name": "Iron Mountain Data Center - Manassas (VA-2)", "operator": "Iron Mountain Data Centers", "city": "Manassas", "state": "VA", "networks": 3}, "geometry": {"type": "Point", "coordinates": [-77.539018, 38.770228]}}, {"type": "Feature", "properties": {"name": "Iron Mountain Data Center - Phoenix (AZP-2)", "operator": "Iron Mountain Data Centers", "city": "Phoenix", "state": "AZ", "networks": 3}, "geometry": {"type": "Point", "coordinates": [-111.977263, 33.452061]}}, {"type": "Feature", "properties": {"name": "SFN MN-Albert Lea", "operator": "South Front Networks", "city": "Albert Lea", "state": "MN", "networks": 7}, "geometry": {"type": "Point", "coordinates": [-93.383825, 43.633435]}}, {"type": "Feature", "properties": {"name": "H5 Data Centers Quincy", "operator": "H5 Data Centers", "city": "Quincy", "state": "WA", "networks": 3}, "geometry": {"type": "Point", "coordinates": [-119.819721, 47.252471]}}, {"type": "Feature", "properties": {"name": "H5 Data Centers Cincinnati", "operator": "H5 Data Centers", "city": "Cincinnati", "state": "OH", "networks": 1}, "geometry": {"type": "Point", "coordinates": [-84.524095, 39.097935]}}, {"type": "Feature", "properties": {"name": "ColoCrossing BUF1", "operator": "ColoCrossing", "city": "Buffalo", "state": "NY", "networks": 7}, "geometry": {"type": "Point", "coordinates": [-78.875318, 42.893049]}}, {"type": "Feature", "properties": {"name": "ColoCrossing SJ1", "operator": "ColoCrossing", "city": "San Jose", "state": "CA", "networks": 0}, "geometry": {"type": "Point", "coordinates": [-121.891703, 37.33417]}}, {"type": "Feature", "properties": {"name": "ColoCrossing SEA1", "operator": "ColoCrossing", "city": "Seattle", "state": "WA", "networks": 3}, "geometry": {"type": "Point", "coordinates": [-122.293712, 47.49312]}}, {"type": "Feature", "properties": {"name": "ColoCrossing NJ1", "operator": "ColoCrossing", "city": "Piscataway", "state": "NJ", "networks": 0}, "geometry": {"type": "Point", "coordinates": [-74.484434, 40.557342]}}, {"type": "Feature", "properties": {"name": "ColoCrossing LA1", "operator": "ColoCrossing", "city": "Los Angeles", "state": "CA", "networks": 3}, "geometry": {"type": "Point", "coordinates": [-118.255083, 34.048336]}}, {"type": "Feature", "properties": {"name": "ColoCrossing DFW1", "operator": "ColoCrossing", "city": "Dallas", "state": "TX", "networks": 0}, "geometry": {"type": "Point", "coordinates": [-96.857296, 32.807888]}}, {"type": "Feature", "properties": {"name": "ColoCrossing CHI1", "operator": "ColoCrossing", "city": "Elk Grove Village", "state": "IL", "networks": 0}, "geometry": {"type": "Point", "coordinates": [-87.961965, 41.994256]}}, {"type": "Feature", "properties": {"name": "LES.NET YWG4", "operator": "LES.NET (1996) INC", "city": "Winnipeg", "state": "MB", "networks": 4}, "geometry": {"type": "Point", "coordinates": [-97.14578, 49.893904]}}, {"type": "Feature", "properties": {"name": "CloudHQ MCC1", "operator": "CloudHQ, LLC", "city": "Manassas", "state": "VA", "networks": 0}, "geometry": {"type": "Point", "coordinates": [-77.499738, 38.716855]}}, {"type": "Feature", "properties": {"name": "Peer-Point Colocation", "operator": "Peer-Point Services, LLC", "city": "Miami", "state": "FL", "networks": 0}, "geometry": {"type": "Point", "coordinates": [-80.191037, 25.767492]}}, {"type": "Feature", "properties": {"name": "ATI Solutions", "operator": "ATI Solutions", "city": "Chantilly", "state": "VA", "networks": 1}, "geometry": {"type": "Point", "coordinates": [-77.475261, 38.908137]}}, {"type": "Feature", "properties": {"name": "Heyburn Building", "operator": "The Heyburn Building", "city": "Louisville", "state": "KY", "networks": 4}, "geometry": {"type": "Point", "coordinates": [-85.758047, 38.245857]}}, {"type": "Feature", "properties": {"name": "Lunavi - Cheyenne", "operator": "Lunavi, Inc.", "city": "Cheyenne", "state": "WY", "networks": 4}, "geometry": {"type": "Point", "coordinates": [-104.741612, 41.129714]}}, {"type": "Feature", "properties": {"name": "SFN IA-Emery", "operator": "South Front Networks", "city": "Mason City", "state": "IA", "networks": 5}, "geometry": {"type": "Point", "coordinates": [-93.27891, 43.132695]}}, {"type": "Feature", "properties": {"name": "Endeavor Data Center", "operator": "SystemMetrics", "city": "Honolulu", "state": "HI", "networks": 1}, "geometry": {"type": "Point", "coordinates": [-157.888183, 21.331924]}}, {"type": "Feature", "properties": {"name": "UPX Miami", "operator": "UPX TECHNOLOGIES", "city": "Miami", "state": "FL", "networks": 0}, "geometry": {"type": "Point", "coordinates": [-80.121136, 25.932848]}}, {"type": "Feature", "properties": {"name": "AiNET WDC8", "operator": "AiNET", "city": "Beltsville", "state": "MD", "networks": 2}, "geometry": {"type": "Point", "coordinates": [-76.925864, 39.052767]}}, {"type": "Feature", "properties": {"name": "AiNET WDC11", "operator": "AiNET", "city": "Laurel", "state": "MD", "networks": 3}, "geometry": {"type": "Point", "coordinates": [-76.847997, 39.101379]}}, {"type": "Feature", "properties": {"name": "AiNET MD-300L", "operator": "AiNET", "city": "Baltimore", "state": "MD", "networks": 3}, "geometry": {"type": "Point", "coordinates": [-76.620065, 39.291768]}}, {"type": "Feature", "properties": {"name": "AiNET MD-790R", "operator": "AiNET", "city": "Glen Burnie", "state": "MD", "networks": 1}, "geometry": {"type": "Point", "coordinates": [-76.605528, 39.13848]}}, {"type": "Feature", "properties": {"name": "AiNET DC-900S", "operator": "AiNET", "city": "Washington", "state": "DC", "networks": 1}, "geometry": {"type": "Point", "coordinates": [-77.003861, 38.90101]}}, {"type": "Feature", "properties": {"name": "RagingWire CA3 - NTT", "operator": "RagingWire Data Centers - NTT", "city": "Sacramento", "state": "CA", "networks": 5}, "geometry": {"type": "Point", "coordinates": [-121.498636, 38.644384]}}, {"type": "Feature", "properties": {"name": "RagingWire TX1 - NTT", "operator": "RagingWire Data Centers - NTT", "city": "Garland", "state": "TX", "networks": 7}, "geometry": {"type": "Point", "coordinates": [-96.657798, 32.981068]}}, {"type": "Feature", "properties": {"name": "RagingWire VA3 - NTT", "operator": "RagingWire Data Centers - NTT", "city": "Ashburn", "state": "VA", "networks": 2}, "geometry": {"type": "Point", "coordinates": [-77.470655, 39.019293]}}, {"type": "Feature", "properties": {"name": "RagingWire VA2 - NTT", "operator": "RagingWire Data Centers - NTT", "city": "Ashburn", "state": "VA", "networks": 3}, "geometry": {"type": "Point", "coordinates": [-77.457559, 39.02489]}}, {"type": "Feature", "properties": {"name": "Colocation Northwest - Bellevue", "operator": "IsoFusion / Colocation Northwest", "city": "Bellevue", "state": "WA", "networks": 2}, "geometry": {"type": "Point", "coordinates": [-122.134492, 47.583534]}}, {"type": "Feature", "properties": {"name": "Colocation Northwest - Redmond", "operator": "IsoFusion / Colocation Northwest", "city": "Redmond", "state": "WA", "networks": 2}, "geometry": {"type": "Point", "coordinates": [-122.138538, 47.632512]}}, {"type": "Feature", "properties": {"name": "Colocation Northwest - Seattle", "operator": "IsoFusion / Colocation Northwest", "city": "Seattle", "state": "WA", "networks": 11}, "geometry": {"type": "Point", "coordinates": [-122.338883, 47.614347]}}, {"type": "Feature", "properties": {"name": "Colocation Northwest - South Hill", "operator": "IsoFusion / Colocation Northwest", "city": "Puyallup", "state": "WA", "networks": 3}, "geometry": {"type": "Point", "coordinates": [-122.279018, 47.154859]}}, {"type": "Feature", "properties": {"name": "Digital Realty CHI (505 N Railroad)", "operator": "Digital Realty", "city": "Northlake", "state": "IL", "networks": 0}, "geometry": {"type": "Point", "coordinates": [-87.912334, 41.920267]}}, {"type": "Feature", "properties": {"name": "Wnet Telecom USA", "operator": "WNET Global Network", "city": "New York", "state": "NY", "networks": 0}, "geometry": {"type": "Point", "coordinates": [-73.995101, 40.59761]}}, {"type": "Feature", "properties": {"name": "CoreSite - Atlanta (AT2)", "operator": "CoreSite", "city": "Marietta", "state": "GA", "networks": 6}, "geometry": {"type": "Point", "coordinates": [-84.481654, 33.925548]}}, {"type": "Feature", "properties": {"name": "Centersquare Los Angeles (LAX4)", "operator": "Centersquare", "city": "Hawthorne", "state": "CA", "networks": 3}, "geometry": {"type": "Point", "coordinates": [-118.320802, 33.924259]}}, {"type": "Feature", "properties": {"name": "Centersquare Los Angeles (LAX5)", "operator": "Centersquare", "city": "Irvine", "state": "CA", "networks": 6}, "geometry": {"type": "Point", "coordinates": [-117.836821, 33.684675]}}, {"type": "Feature", "properties": {"name": "Centersquare Atlanta (ATL1-D)", "operator": "Centersquare", "city": "Lithia Springs", "state": "GA", "networks": 3}, "geometry": {"type": "Point", "coordinates": [-84.581852, 33.744326]}}, {"type": "Feature", "properties": {"name": "Centersquare Chicago (ORD4)", "operator": "Centersquare", "city": "Lisle", "state": "IL", "networks": 5}, "geometry": {"type": "Point", "coordinates": [-88.094656, 41.802407]}}, {"type": "Feature", "properties": {"name": "Centersquare Boston (BOS4-A)", "operator": "Centersquare", "city": "Watertown", "state": "MA", "networks": 2}, "geometry": {"type": "Point", "coordinates": [-71.158084, 42.365768]}}, {"type": "Feature", "properties": {"name": "Centersquare Dallas (DFW2)", "operator": "Centersquare", "city": "Allen", "state": "TX", "networks": 2}, "geometry": {"type": "Point", "coordinates": [-96.68326, 33.094894]}}, {"type": "Feature", "properties": {"name": "Centersquare Dallas (DFW3)", "operator": "Centersquare", "city": "Dallas", "state": "TX", "networks": 3}, "geometry": {"type": "Point", "coordinates": [-96.87274, 32.911684]}}, {"type": "Feature", "properties": {"name": "Centersquare Northern Virginia (IAD4)", "operator": "Centersquare", "city": "Ashburn", "state": "VA", "networks": 10}, "geometry": {"type": "Point", "coordinates": [-77.453284, 39.021941]}}, {"type": "Feature", "properties": {"name": "UnReal Servers", "operator": "UnReal Servers, LLC", "city": "North Kansas City", "state": "MO", "networks": 1}, "geometry": {"type": "Point", "coordinates": [-94.580005, 39.13335]}}, {"type": "Feature", "properties": {"name": "Level(3) Raleigh", "operator": "Lumen Technologies Inc", "city": "Raleigh", "state": "NC", "networks": 3}, "geometry": {"type": "Point", "coordinates": [-78.597011, 35.854381]}}, {"type": "Feature", "properties": {"name": "Border Crossing Pop 1", "operator": "Mexico Internet Exchange", "city": "San Diego", "state": "CA", "networks": 0}, "geometry": {"type": "Point", "coordinates": [-117.027372, 32.544028]}}, {"type": "Feature", "properties": {"name": "Lincoln Rackhouse Dallas", "operator": "Lincoln Rackhouse", "city": "Plano", "state": "TX", "networks": 0}, "geometry": {"type": "Point", "coordinates": [-96.766132, 33.015496]}}, {"type": "Feature", "properties": {"name": "Lincoln Rackhouse Silver Spring", "operator": "Lincoln Rackhouse", "city": "Silver Spring", "state": "MD", "networks": 0}, "geometry": {"type": "Point", "coordinates": [-76.964548, 39.058289]}}, {"type": "Feature", "properties": {"name": "Lincoln Rackhouse Aurora", "operator": "Lincoln Rackhouse", "city": "Aurora", "state": "IL", "networks": 0}, "geometry": {"type": "Point", "coordinates": [-88.217055, 41.772203]}}, {"type": "Feature", "properties": {"name": "Element Critical Chicago CH1", "operator": "Element Critical, LLC", "city": "Wood Dale", "state": "IL", "networks": 2}, "geometry": {"type": "Point", "coordinates": [-87.964568, 41.975882]}}, {"type": "Feature", "properties": {"name": "Smart City Telecom Maitland Colo", "operator": "Smart City Telecom", "city": "Orlando", "state": "FL", "networks": 0}, "geometry": {"type": "Point", "coordinates": [-81.39965, 28.638819]}}, {"type": "Feature", "properties": {"name": "Liberty Center One", "operator": "Liberty Center One", "city": "Royal Oak", "state": "MI", "networks": 5}, "geometry": {"type": "Point", "coordinates": [-83.177393, 42.533508]}}, {"type": "Feature", "properties": {"name": "Volt Modesto", "operator": "Volt Broadband", "city": "Modesto", "state": "CA", "networks": 1}, "geometry": {"type": "Point", "coordinates": [-121.00224, 37.641953]}}, {"type": "Feature", "properties": {"name": "Telehouse Toronto (905 King Street West)", "operator": "Telehouse - Global Data Centers", "city": "Toronto", "state": "ON", "networks": 3}, "geometry": {"type": "Point", "coordinates": [-79.412275, 43.641667]}}, {"type": "Feature", "properties": {"name": "Lumen Norfolk", "operator": "Lumen Technologies Inc", "city": "Norfolk", "state": "VA", "networks": 0}, "geometry": {"type": "Point", "coordinates": [-76.221387, 36.878851]}}, {"type": "Feature", "properties": {"name": "Globalinx Virginia Beach CLS", "operator": "Globalinx Data Centers LLC", "city": "Virginia Beach", "state": "VA", "networks": 1}, "geometry": {"type": "Point", "coordinates": [-76.00859, 36.784195]}}, {"type": "Feature", "properties": {"name": "Equinix SE4 - Seattle, Kent", "operator": "Equinix, Inc.", "city": "Kent", "state": "WA", "networks": 7}, "geometry": {"type": "Point", "coordinates": [-122.247527, 47.420627]}}, {"type": "Feature", "properties": {"name": "Evocative DAL6", "operator": "VPLS", "city": "Plano", "state": "TX", "networks": 12}, "geometry": {"type": "Point", "coordinates": [-96.768421, 33.015681]}}, {"type": "Feature", "properties": {"name": "W\u0113Connect Westerville", "operator": "City of Westerville", "city": "Westerville", "state": "OH", "networks": 2}, "geometry": {"type": "Point", "coordinates": [-82.943999, 40.123627]}}, {"type": "Feature", "properties": {"name": "EdgeUno Datacenter San Juan Puerto Rico (SJU1)", "operator": "EdgeUno, Inc.", "city": "San Juan", "state": "", "networks": 3}, "geometry": {"type": "Point", "coordinates": [-66.05873, 18.43004]}}, {"type": "Feature", "properties": {"name": "AlohaNAP Datacenter", "operator": "AlohaNAP", "city": "Kapolei", "state": "HI", "networks": 2}, "geometry": {"type": "Point", "coordinates": [-158.08691, 21.334443]}}, {"type": "Feature", "properties": {"name": "TSR Solutions Data Center", "operator": "TSR Solutions, Inc.", "city": "Milwaukee", "state": "WI", "networks": 5}, "geometry": {"type": "Point", "coordinates": [-87.907046, 43.03904]}}, {"type": "Feature", "properties": {"name": "CloudHQ MCC2", "operator": "CloudHQ, LLC", "city": "Manassas", "state": "VA", "networks": 0}, "geometry": {"type": "Point", "coordinates": [-77.499229, 38.722972]}}, {"type": "Feature", "properties": {"name": "DC BLOX CHA1 - DCBLOX Chattanooga", "operator": "DC BLOX Parent LLC", "city": "Chattanooga", "state": "TN", "networks": 6}, "geometry": {"type": "Point", "coordinates": [-85.297262, 35.031582]}}, {"type": "Feature", "properties": {"name": "DC BLOX HSV1 - DCBLOX Huntsville", "operator": "DC BLOX Parent LLC", "city": "Huntsville", "state": "AL", "networks": 2}, "geometry": {"type": "Point", "coordinates": [-86.692154, 34.711822]}}, {"type": "Feature", "properties": {"name": "DC BLOX BHM1 - DCBLOX Birmingham", "operator": "DC BLOX Parent LLC", "city": "Birmingham", "state": "AL", "networks": 4}, "geometry": {"type": "Point", "coordinates": [-86.821129, 33.49959]}}, {"type": "Feature", "properties": {"name": "DC BLOX ATL1 - DCBLOX Atlanta", "operator": "DC BLOX Parent LLC", "city": "Atlanta", "state": "GA", "networks": 2}, "geometry": {"type": "Point", "coordinates": [-84.339169, 33.831665]}}, {"type": "Feature", "properties": {"name": "TurnKey Internet", "operator": "Turnkey Internet Inc.", "city": "Latham", "state": "NY", "networks": 1}, "geometry": {"type": "Point", "coordinates": [-73.75914, 42.74545]}}, {"type": "Feature", "properties": {"name": "TurnKey Internet - CA", "operator": "Turnkey Internet Inc.", "city": "Los Angeles", "state": "CA", "networks": 1}, "geometry": {"type": "Point", "coordinates": [-118.255083, 34.048336]}}, {"type": "Feature", "properties": {"name": "TurnKey Internet - DR", "operator": "Turnkey Internet Inc.", "city": "Albany", "state": "NY", "networks": 1}, "geometry": {"type": "Point", "coordinates": [-73.752684, 42.649423]}}, {"type": "Feature", "properties": {"name": "Cogent Albany", "operator": "Cogent Communications, Inc.", "city": "Albany", "state": "NY", "networks": 5}, "geometry": {"type": "Point", "coordinates": [-73.752684, 42.649423]}}, {"type": "Feature", "properties": {"name": "Lumen New York", "operator": "Lumen Technologies Inc", "city": "New York", "state": "NY", "networks": 4}, "geometry": {"type": "Point", "coordinates": [-74.007158, 40.751657]}}, {"type": "Feature", "properties": {"name": "TierPoint Omaha - Bellevue", "operator": "TierPoint, LLC", "city": "Bellevue", "state": "NE", "networks": 5}, "geometry": {"type": "Point", "coordinates": [-95.924766, 41.178209]}}, {"type": "Feature", "properties": {"name": "Crown Castle Baltimore (111 Market, 700 E Pratt)", "operator": "Crown Castle Inc.", "city": "Baltimore", "state": "MD", "networks": 8}, "geometry": {"type": "Point", "coordinates": [-76.606434, 39.287345]}}, {"type": "Feature", "properties": {"name": "Planet Networks Newton Datacenter", "operator": "Planet Networks, Inc.", "city": "Newton", "state": "NJ", "networks": 1}, "geometry": {"type": "Point", "coordinates": [-74.75396, 41.058209]}}, {"type": "Feature", "properties": {"name": "NetWave PR", "operator": "Netwave Equipment Corporation", "city": "San Juan", "state": "Puerta de Tierra", "networks": 8}, "geometry": {"type": "Point", "coordinates": [-66.097022, 18.465015]}}, {"type": "Feature", "properties": {"name": "Xfernet LAX01", "operator": "Xfernet", "city": "Los Angeles", "state": "CA", "networks": 0}, "geometry": {"type": "Point", "coordinates": [-118.293315, 34.061086]}}, {"type": "Feature", "properties": {"name": "SFN IA-IowaFalls", "operator": "South Front Networks", "city": "Iowa Falls", "state": "IA", "networks": 3}, "geometry": {"type": "Point", "coordinates": [-93.259636, 42.555386]}}, {"type": "Feature", "properties": {"name": "702 Communications - Fargo, ND", "operator": "702 Communications", "city": "Fargo", "state": "ND", "networks": 8}, "geometry": {"type": "Point", "coordinates": [-96.832308, 46.864784]}}, {"type": "Feature", "properties": {"name": "Sabey Intergate.Ashburn", "operator": "Sabey Data Centers", "city": "Ashburn", "state": "VA", "networks": 5}, "geometry": {"type": "Point", "coordinates": [-77.478264, 39.015352]}}, {"type": "Feature", "properties": {"name": "Agilis Networks", "operator": "Agilis Networks", "city": "Sudbury", "state": "ON", "networks": 0}, "geometry": {"type": "Point", "coordinates": [-81.006428, 46.481714]}}, {"type": "Feature", "properties": {"name": "Root Data Center MTL-R2", "operator": "Root Data Center", "city": "Baie-D'Urfe", "state": "QC", "networks": 2}, "geometry": {"type": "Point", "coordinates": [-73.913932, 45.424138]}}, {"type": "Feature", "properties": {"name": "NYI CH1 (800 Jorie Blvd)", "operator": "New York Internet", "city": "Oak Brook", "state": "IL", "networks": 6}, "geometry": {"type": "Point", "coordinates": [-87.941522, 41.845343]}}, {"type": "Feature", "properties": {"name": "EXA Edge DC Halifax", "operator": "EXA Infrastructure", "city": "Halifax", "state": "NS", "networks": 11}, "geometry": {"type": "Point", "coordinates": [-63.625857, 44.655879]}}, {"type": "Feature", "properties": {"name": "AtlanticTechnology Centre", "operator": "Atlantic Technology Centre", "city": "Charlottetown", "state": "PE", "networks": 0}, "geometry": {"type": "Point", "coordinates": [-63.128085, 46.237059]}}, {"type": "Feature", "properties": {"name": "Neutron - Spokane", "operator": "Neutron LLC", "city": "Spokane", "state": "WA", "networks": 11}, "geometry": {"type": "Point", "coordinates": [-117.419213, 47.658366]}}, {"type": "Feature", "properties": {"name": "EdgeConneX Hillsboro (EDCPOR02)", "operator": "EdgeConneX Inc.", "city": "Hillsboro", "state": "OR", "networks": 8}, "geometry": {"type": "Point", "coordinates": [-122.907473, 45.548296]}}, {"type": "Feature", "properties": {"name": "EdgeConneX Atlanta (EDCATL02)", "operator": "EdgeConneX Inc.", "city": "Atlanta", "state": "GA", "networks": 5}, "geometry": {"type": "Point", "coordinates": [-84.423585, 33.731803]}}, {"type": "Feature", "properties": {"name": "Racksquared Data Centers", "operator": "Racksquared", "city": "Columbus", "state": "OH", "networks": 1}, "geometry": {"type": "Point", "coordinates": [-82.992615, 39.966878]}}, {"type": "Feature", "properties": {"name": "Ultracom Inc.", "operator": "HUB Advanced Networks, LLC", "city": "Carolina", "state": "Puerto Rico", "networks": 1}, "geometry": {"type": "Point", "coordinates": [-66.023144, 18.442344]}}, {"type": "Feature", "properties": {"name": "Unwired FAT1 - Fresno Colocation", "operator": "Unwired Broadband, LLC.", "city": "Fresno", "state": "CA", "networks": 1}, "geometry": {"type": "Point", "coordinates": [-119.799363, 36.846165]}}, {"type": "Feature", "properties": {"name": "RagingWire VA4 - NTT", "operator": "RagingWire Data Centers - NTT", "city": "Ashburn", "state": "VA", "networks": 2}, "geometry": {"type": "Point", "coordinates": [-77.470655, 39.019293]}}, {"type": "Feature", "properties": {"name": "SFN IA-Davenport", "operator": "South Front Networks", "city": "Davenport", "state": "IA", "networks": 19}, "geometry": {"type": "Point", "coordinates": [-90.621185, 41.548129]}}, {"type": "Feature", "properties": {"name": "SFN IA-Waterloo", "operator": "South Front Networks", "city": "Waterloo", "state": "IA", "networks": 7}, "geometry": {"type": "Point", "coordinates": [-92.330614, 42.488836]}}, {"type": "Feature", "properties": {"name": "DartPoints Spartanburg, SC - SPA1", "operator": "DartPoints, LLC", "city": "Spartanburg", "state": "SC", "networks": 4}, "geometry": {"type": "Point", "coordinates": [-82.033518, 34.996536]}}, {"type": "Feature", "properties": {"name": "DartPoints Columbus, IN - CLU1", "operator": "DartPoints, LLC", "city": "Columbus", "state": "IN", "networks": 7}, "geometry": {"type": "Point", "coordinates": [-85.897349, 39.182544]}}, {"type": "Feature", "properties": {"name": "Citynet Charleston", "operator": "Citynet", "city": "Charleston", "state": "WV", "networks": 2}, "geometry": {"type": "Point", "coordinates": [-81.640921, 38.353138]}}, {"type": "Feature", "properties": {"name": "Citynet Bridgeport", "operator": "Citynet", "city": "Bridgeport", "state": "WV", "networks": 1}, "geometry": {"type": "Point", "coordinates": [-80.270157, 39.276713]}}, {"type": "Feature", "properties": {"name": "Centersquare Silicon Valley (SFO4-A)", "operator": "Centersquare", "city": "Santa Clara", "state": "CA", "networks": 0}, "geometry": {"type": "Point", "coordinates": [-121.955154, 37.375719]}}, {"type": "Feature", "properties": {"name": "Aligned Ashburn (IAD-01)", "operator": "Aligned Data Centers", "city": "Ashburn", "state": "VA", "networks": 1}, "geometry": {"type": "Point", "coordinates": [-77.469729, 39.014003]}}, {"type": "Feature", "properties": {"name": "Aligned Dallas (DFW-01)", "operator": "Aligned Data Centers", "city": "Plano", "state": "TX", "networks": 5}, "geometry": {"type": "Point", "coordinates": [-96.676434, 33.009295]}}, {"type": "Feature", "properties": {"name": "Aligned Phoenix (PHX-01)", "operator": "Aligned Data Centers", "city": "Phoenix", "state": "AZ", "networks": 6}, "geometry": {"type": "Point", "coordinates": [-112.110606, 33.658881]}}, {"type": "Feature", "properties": {"name": "Aligned Salt Lake (SLC-02)", "operator": "Aligned Data Centers", "city": "South West Jordan", "state": "UT", "networks": 0}, "geometry": {"type": "Point", "coordinates": [-111.969762, 40.585936]}}, {"type": "Feature", "properties": {"name": "Aligned Salt Lake (SLC-01)", "operator": "Aligned Data Centers", "city": "South West Jordan", "state": "UT", "networks": 6}, "geometry": {"type": "Point", "coordinates": [-111.969762, 40.585936]}}, {"type": "Feature", "properties": {"name": "QTS Hillsboro (HIL1)", "operator": "QTS Realty Trust, Inc.", "city": "Hillsboro", "state": "OR", "networks": 10}, "geometry": {"type": "Point", "coordinates": [-122.927173, 45.55717]}}, {"type": "Feature", "properties": {"name": "QTS Manassas (MAN1)", "operator": "QTS Realty Trust, Inc.", "city": "Manassas", "state": "VA", "networks": 1}, "geometry": {"type": "Point", "coordinates": [-77.51326, 38.754611]}}, {"type": "Feature", "properties": {"name": "QTS Fort Worth (FTW1)", "operator": "QTS Realty Trust, Inc.", "city": "Fort Worth", "state": "TX", "networks": 4}, "geometry": {"type": "Point", "coordinates": [-97.258448, 32.988738]}}, {"type": "Feature", "properties": {"name": "CENTRA CLT01 - Charlotte NC (701 E Trade)", "operator": "CENTRA Digital Interconnect", "city": "Charlotte", "state": "NC", "networks": 8}, "geometry": {"type": "Point", "coordinates": [-80.836747, 35.222101]}}, {"type": "Feature", "properties": {"name": "Coloblox Data Centers ATL1", "operator": "Coloblox Data Centers Inc", "city": "Atlanta", "state": "GA", "networks": 12}, "geometry": {"type": "Point", "coordinates": [-84.465365, 33.889646]}}, {"type": "Feature", "properties": {"name": "The Garland Center / West 7 Center", "operator": "Rising Realty Partners", "city": "Los Angeles", "state": "CA", "networks": 8}, "geometry": {"type": "Point", "coordinates": [-118.26591, 34.05112]}}, {"type": "Feature", "properties": {"name": "AlasConnect Data Center 1", "operator": "AlasConnect", "city": "Fairbanks", "state": "AK", "networks": 2}, "geometry": {"type": "Point", "coordinates": [-147.719813, 64.851655]}}, {"type": "Feature", "properties": {"name": "AlasConnect Data Center 5", "operator": "AlasConnect", "city": "Anchorage", "state": "AK", "networks": 1}, "geometry": {"type": "Point", "coordinates": [-149.912324, 61.188879]}}, {"type": "Feature", "properties": {"name": "Bluebird Underground Data Center", "operator": "Bluebird Fiber", "city": "Springfield", "state": "MO", "networks": 6}, "geometry": {"type": "Point", "coordinates": [-93.212181, 37.231398]}}, {"type": "Feature", "properties": {"name": "HCE Telecom Hamilton", "operator": "Hamilton Utilities Corporation", "city": "Hamilton", "state": "ON", "networks": 0}, "geometry": {"type": "Point", "coordinates": [-79.870104, 43.256675]}}, {"type": "Feature", "properties": {"name": "Cologix VAN3", "operator": "Cologix, Inc.", "city": "Vancouver", "state": "BC", "networks": 30}, "geometry": {"type": "Point", "coordinates": [-123.029619, 49.259393]}}, {"type": "Feature", "properties": {"name": "Stream Data Centers - DFW VII", "operator": "Stream Data Centers", "city": "Garland", "state": "TX", "networks": 0}, "geometry": {"type": "Point", "coordinates": [-96.655836, 32.983596]}}, {"type": "Feature", "properties": {"name": "Stream Data Centers - Houston I", "operator": "Stream Data Centers", "city": "The Woodlands", "state": "TX", "networks": 5}, "geometry": {"type": "Point", "coordinates": [-95.486494, 30.177801]}}, {"type": "Feature", "properties": {"name": "Stream Data Centers - MN I", "operator": "Stream Data Centers", "city": "Chaska", "state": "MN", "networks": 0}, "geometry": {"type": "Point", "coordinates": [-93.636931, 44.808431]}}, {"type": "Feature", "properties": {"name": "Stream Data Centers - Chicago I", "operator": "Stream Data Centers", "city": "Elk Grove Village", "state": "IL", "networks": 0}, "geometry": {"type": "Point", "coordinates": [-87.951707, 42.002586]}}, {"type": "Feature", "properties": {"name": "Stream Data Centers - Phoenix I", "operator": "Stream Data Centers", "city": "Goodyear", "state": "AZ", "networks": 1}, "geometry": {"type": "Point", "coordinates": [-112.359487, 33.419639]}}, {"type": "Feature", "properties": {"name": "DQE Communications (Downtown Pittsburgh)", "operator": "DQE Communications LLC", "city": "Pittsburgh", "state": "PA", "networks": 6}, "geometry": {"type": "Point", "coordinates": [-80.000547, 40.438903]}}, {"type": "Feature", "properties": {"name": "DQE Communications (Butler)", "operator": "DQE Communications LLC", "city": "Butler", "state": "PA", "networks": 1}, "geometry": {"type": "Point", "coordinates": [-79.907512, 40.860587]}}, {"type": "Feature", "properties": {"name": "DQE Communications (Allegheny Center Mall)", "operator": "DQE Communications LLC", "city": "Pittsburgh", "state": "PA", "networks": 1}, "geometry": {"type": "Point", "coordinates": [-80.005186, 40.451062]}}, {"type": "Feature", "properties": {"name": "American Data", "operator": "American Data Networks", "city": "Sabana Sur", "state": "San Jose", "networks": 0}, "geometry": {"type": "Point", "coordinates": [-84.101423, 9.932143]}}, {"type": "Feature", "properties": {"name": "Data102 - COS01", "operator": "Data102", "city": "Colorado Springs", "state": "CO", "networks": 5}, "geometry": {"type": "Point", "coordinates": [-104.82403, 38.832108]}}, {"type": "Feature", "properties": {"name": "Data102 - COS02", "operator": "Data102", "city": "Colorado Springs", "state": "CO", "networks": 0}, "geometry": {"type": "Point", "coordinates": [-104.82403, 38.832108]}}, {"type": "Feature", "properties": {"name": "WITCo - Wat1", "operator": "Waterloo Intuition &amp; Technology Corporation", "city": "Waterloo", "state": "ON", "networks": 2}, "geometry": {"type": "Point", "coordinates": [-80.551235, 43.480226]}}, {"type": "Feature", "properties": {"name": "Frontier Tampa Main Tandem Office", "operator": "Frontier Florida LLC", "city": "Tampa", "state": "FL", "networks": 1}, "geometry": {"type": "Point", "coordinates": [-82.456447, 27.950136]}}, {"type": "Feature", "properties": {"name": "Nav\u00e9galo Data Center Costa Rica (CR1)", "operator": "Nav\u00e9galo", "city": "San Jose", "state": "San Jose", "networks": 0}, "geometry": {"type": "Point", "coordinates": [-84.096694, 9.93579]}}, {"type": "Feature", "properties": {"name": "Nav\u00e9galo Data Center Costa Rica (CR2)", "operator": "Nav\u00e9galo", "city": "Guachipelin", "state": "San Jose", "networks": 0}, "geometry": {"type": "Point", "coordinates": [-84.157364, 9.952623]}}, {"type": "Feature", "properties": {"name": "Nav\u00e9galo Data Center Guatemala (GT1)", "operator": "Nav\u00e9galo", "city": "Guatemala City", "state": "", "networks": 0}, "geometry": {"type": "Point", "coordinates": [-90.538042, 14.664176]}}, {"type": "Feature", "properties": {"name": "Vantage Data Centers (QC4)", "operator": "Vantage Data Centers", "city": "Pointe-Claire", "state": "QC", "networks": 16}, "geometry": {"type": "Point", "coordinates": [-73.80085, 45.475074]}}, {"type": "Feature", "properties": {"name": "Nav\u00e9galo Data Center Miami (MI1)", "operator": "Nav\u00e9galo", "city": "Miami", "state": "FL", "networks": 0}, "geometry": {"type": "Point", "coordinates": [-80.19313, 25.775869]}}, {"type": "Feature", "properties": {"name": "Agile Silver Spring", "operator": "Agile Data Sites", "city": "Silver Spring", "state": "MD", "networks": 0}, "geometry": {"type": "Point", "coordinates": [-76.964548, 39.058289]}}, {"type": "Feature", "properties": {"name": "Agile Aurora", "operator": "Agile Data Sites", "city": "Aurora", "state": "IL", "networks": 0}, "geometry": {"type": "Point", "coordinates": [-88.217055, 41.772203]}}, {"type": "Feature", "properties": {"name": "Crosspoint Data College Station", "operator": "Crosspoint Data, LLC", "city": "College Station", "state": "TX", "networks": 1}, "geometry": {"type": "Point", "coordinates": [-96.2873, 30.601412]}}, {"type": "Feature", "properties": {"name": "FIBERTOWN Houston Data Center", "operator": "FIBERTOWN", "city": "Houston", "state": "TX", "networks": 11}, "geometry": {"type": "Point", "coordinates": [-95.417308, 29.943078]}}, {"type": "Feature", "properties": {"name": "FIBERTOWN Bryan Data Center", "operator": "FIBERTOWN", "city": "Bryan", "state": "TX", "networks": 5}, "geometry": {"type": "Point", "coordinates": [-96.373773, 30.674256]}}, {"type": "Feature", "properties": {"name": "Quasar Data Center", "operator": "Quasar Data Center", "city": "Houston", "state": "TX", "networks": 7}, "geometry": {"type": "Point", "coordinates": [-95.362102, 29.760061]}}, {"type": "Feature", "properties": {"name": "ark data centers - Tucson, AZ", "operator": "ark data centers", "city": "Tucson", "state": "AZ", "networks": 12}, "geometry": {"type": "Point", "coordinates": [-110.95415, 32.1723]}}, {"type": "Feature", "properties": {"name": "ark data centers - Akron,OH", "operator": "ark data centers", "city": "Akron", "state": "OH", "networks": 5}, "geometry": {"type": "Point", "coordinates": [-81.522183, 41.057108]}}, {"type": "Feature", "properties": {"name": "ark data centers - Cedar Rapids ,IA", "operator": "ark data centers", "city": "Marion", "state": "IA", "networks": 4}, "geometry": {"type": "Point", "coordinates": [-91.554004, 42.052632]}}, {"type": "Feature", "properties": {"name": "PhoenixNAP ASHBURN", "operator": "PhoenixNAP", "city": "Ashburn", "state": "VA", "networks": 2}, "geometry": {"type": "Point", "coordinates": [-77.48158, 39.015966]}}, {"type": "Feature", "properties": {"name": "PhoenixNAP ATLANTA", "operator": "PhoenixNAP", "city": "Marietta", "state": "GA", "networks": 1}, "geometry": {"type": "Point", "coordinates": [-84.481824, 33.927915]}}, {"type": "Feature", "properties": {"name": "Cologix DAL3", "operator": "Cologix, Inc.", "city": "Dallas", "state": "TX", "networks": 8}, "geometry": {"type": "Point", "coordinates": [-96.819412, 32.800748]}}, {"type": "Feature", "properties": {"name": "T5@Chicago", "operator": "T5 Data Centers", "city": "Elk Grove Village", "state": "IL", "networks": 0}, "geometry": {"type": "Point", "coordinates": [-87.973753, 42.023691]}}, {"type": "Feature", "properties": {"name": "Equinix MX1/MX2 - Mexico City", "operator": "Equinix, Inc.", "city": "El Marques", "state": "Quer\u00e9taro", "networks": 32}, "geometry": {"type": "Point", "coordinates": [-100.277833, 20.556925]}}, {"type": "Feature", "properties": {"name": "Equinix MO1 - Monterrey", "operator": "Equinix, Inc.", "city": "Apodaca", "state": "Nuevo Le\u00f3n", "networks": 10}, "geometry": {"type": "Point", "coordinates": [-100.203438, 25.738175]}}, {"type": "Feature", "properties": {"name": "Expedient Indianapolis", "operator": "Expedient", "city": "Carmel", "state": "IN", "networks": 7}, "geometry": {"type": "Point", "coordinates": [-86.145575, 39.963184]}}, {"type": "Feature", "properties": {"name": "ORI.NET Noblesville", "operator": "On-Ramp Indiana, Inc.", "city": "Noblesville", "state": "IN", "networks": 1}, "geometry": {"type": "Point", "coordinates": [-86.013927, 40.045407]}}, {"type": "Feature", "properties": {"name": "Expedient Cleveland - 151 NEO", "operator": "Expedient", "city": "Cleveland", "state": "OH", "networks": 3}, "geometry": {"type": "Point", "coordinates": [-81.573952, 41.428228]}}, {"type": "Feature", "properties": {"name": "Expedient Baltimore - Owings Mills", "operator": "Expedient", "city": "Baltimore", "state": "MD", "networks": 1}, "geometry": {"type": "Point", "coordinates": [-76.811709, 39.427117]}}, {"type": "Feature", "properties": {"name": "Expedient Boston", "operator": "Expedient", "city": "Medford", "state": "MA", "networks": 1}, "geometry": {"type": "Point", "coordinates": [-71.074978, 42.405414]}}, {"type": "Feature", "properties": {"name": "Expedient Cleveland - 152 NEO", "operator": "Expedient", "city": "Cleveland", "state": "OH", "networks": 2}, "geometry": {"type": "Point", "coordinates": [-81.574072, 41.429415]}}, {"type": "Feature", "properties": {"name": "Expedient Columbus - Dublin", "operator": "Expedient", "city": "Dublin", "state": "OH", "networks": 4}, "geometry": {"type": "Point", "coordinates": [-83.143709, 40.091865]}}, {"type": "Feature", "properties": {"name": "Expedient Columbus - Upper Arlington", "operator": "Expedient", "city": "Upper Arlington", "state": "OH", "networks": 2}, "geometry": {"type": "Point", "coordinates": [-83.0785, 40.057853]}}, {"type": "Feature", "properties": {"name": "Expedient Memphis", "operator": "Expedient", "city": "Memphis", "state": "TN", "networks": 2}, "geometry": {"type": "Point", "coordinates": [-89.786143, 35.062965]}}, {"type": "Feature", "properties": {"name": "Expedient Phoenix", "operator": "Expedient", "city": "Phoenix", "state": "AZ", "networks": 1}, "geometry": {"type": "Point", "coordinates": [-112.009445, 33.41601]}}, {"type": "Feature", "properties": {"name": "Expedient Pittsburgh - Nova Place", "operator": "Expedient", "city": "Pittsburgh", "state": "PA", "networks": 2}, "geometry": {"type": "Point", "coordinates": [-80.005856, 40.451847]}}, {"type": "Feature", "properties": {"name": "Expedient Pittsburgh - Green Tree", "operator": "Expedient", "city": "Pittsburgh", "state": "PA", "networks": 1}, "geometry": {"type": "Point", "coordinates": [-80.042457, 40.42735]}}, {"type": "Feature", "properties": {"name": "Databank Atlanta (ATL1)", "operator": "DataBank, Ltd.", "city": "Atlanta", "state": "GA", "networks": 10}, "geometry": {"type": "Point", "coordinates": [-84.387735, 33.775499]}}, {"type": "Feature", "properties": {"name": "365 Data Centers Commack (CNY)", "operator": "365 Data Centers", "city": "Commack", "state": "NY", "networks": 1}, "geometry": {"type": "Point", "coordinates": [-73.291647, 40.822677]}}, {"type": "Feature", "properties": {"name": "Coloware YTZ1", "operator": "Coloware", "city": "Toronto", "state": "ON", "networks": 31}, "geometry": {"type": "Point", "coordinates": [-79.384128, 43.644672]}}, {"type": "Feature", "properties": {"name": "FairlawnGig Service Center", "operator": "FairlawnGig.net", "city": "Fairlawn", "state": "OH", "networks": 4}, "geometry": {"type": "Point", "coordinates": [-81.629367, 41.133097]}}, {"type": "Feature", "properties": {"name": "Cogent Tampa", "operator": "Cogent Communications, Inc.", "city": "Tampa", "state": "FL", "networks": 3}, "geometry": {"type": "Point", "coordinates": [-82.459056, 27.947747]}}, {"type": "Feature", "properties": {"name": "Senawave", "operator": "Senawave", "city": "Salt Lake City", "state": "UT", "networks": 0}, "geometry": {"type": "Point", "coordinates": [-111.964741, 40.711882]}}, {"type": "Feature", "properties": {"name": "Corepacket PDX-1", "operator": "FIBERFI", "city": "Portland", "state": "OR", "networks": 3}, "geometry": {"type": "Point", "coordinates": [-122.67918, 45.521056]}}, {"type": "Feature", "properties": {"name": "TierPoint Boston - Andover", "operator": "TierPoint, LLC", "city": "Andover", "state": "MA", "networks": 2}, "geometry": {"type": "Point", "coordinates": [-71.208694, 42.685693]}}, {"type": "Feature", "properties": {"name": "TierPoint Baltimore \u2013 BWI", "operator": "TierPoint, LLC", "city": "Linthicum Heights", "state": "MD", "networks": 2}, "geometry": {"type": "Point", "coordinates": [-76.679891, 39.213809]}}, {"type": "Feature", "properties": {"name": "TierPoint Charlotte - North Myers", "operator": "TierPoint, LLC", "city": "Charlotte", "state": "NC", "networks": 2}, "geometry": {"type": "Point", "coordinates": [-80.835313, 35.222114]}}, {"type": "Feature", "properties": {"name": "TierPoint Charlotte - Center Park", "operator": "TierPoint, LLC", "city": "Charlotte", "state": "NC", "networks": 3}, "geometry": {"type": "Point", "coordinates": [-80.927807, 35.173088]}}, {"type": "Feature", "properties": {"name": "TierPoint Tulsa-State Farm", "operator": "TierPoint, LLC", "city": "Tulsa", "state": "OK", "networks": 6}, "geometry": {"type": "Point", "coordinates": [-95.840438, 36.096334]}}, {"type": "Feature", "properties": {"name": "TierPoint Kansas City - Lenexa", "operator": "TierPoint, LLC", "city": "Lenexa", "state": "KS", "networks": 3}, "geometry": {"type": "Point", "coordinates": [-94.755003, 38.940686]}}, {"type": "Feature", "properties": {"name": "TIerPoint Little Rock", "operator": "TierPoint, LLC", "city": "Little Rock", "state": "AR", "networks": 9}, "geometry": {"type": "Point", "coordinates": [-92.444207, 34.756041]}}, {"type": "Feature", "properties": {"name": "TierPoint Milwaukee", "operator": "TierPoint, LLC", "city": "Milwaukee", "state": "WI", "networks": 1}, "geometry": {"type": "Point", "coordinates": [-87.96114, 43.009336]}}, {"type": "Feature", "properties": {"name": "TierPoint Oklahoma City", "operator": "TierPoint, LLC", "city": "Oklahoma City", "state": "OK", "networks": 2}, "geometry": {"type": "Point", "coordinates": [-97.596767, 35.514225]}}, {"type": "Feature", "properties": {"name": "TierPoint Research Triangle Park \u2013 RTP", "operator": "TierPoint, LLC", "city": "Durham", "state": "NC", "networks": 4}, "geometry": {"type": "Point", "coordinates": [-78.878838, 35.896667]}}, {"type": "Feature", "properties": {"name": "TierPoint Seattle", "operator": "TierPoint, LLC", "city": "Seattle", "state": "WA", "networks": 9}, "geometry": {"type": "Point", "coordinates": [-122.34811, 47.619446]}}, {"type": "Feature", "properties": {"name": "TierPoint Sioux Falls - East", "operator": "TierPoint, LLC", "city": "Sioux Falls", "state": "SD", "networks": 2}, "geometry": {"type": "Point", "coordinates": [-96.716872, 43.596146]}}, {"type": "Feature", "properties": {"name": "TierPoint Sioux Falls - West", "operator": "TierPoint, LLC", "city": "Sioux Falls", "state": "SD", "networks": 1}, "geometry": {"type": "Point", "coordinates": [-96.810208, 43.606059]}}, {"type": "Feature", "properties": {"name": "TierPoint Raleigh", "operator": "TierPoint, LLC", "city": "Raleigh", "state": "NC", "networks": 2}, "geometry": {"type": "Point", "coordinates": [-78.597011, 35.854381]}}, {"type": "Feature", "properties": {"name": "TierPoint Waterbury", "operator": "TierPoint, LLC", "city": "Waterbury", "state": "CT", "networks": 1}, "geometry": {"type": "Point", "coordinates": [-73.04122, 41.554434]}}, {"type": "Feature", "properties": {"name": "BlueBridge Networks | Downtown Cleveland", "operator": "BlueBridge Networks", "city": "Cleveland", "state": "OH", "networks": 1}, "geometry": {"type": "Point", "coordinates": [-81.683699, 41.500806]}}, {"type": "Feature", "properties": {"name": "BlueBridge Networks | Mayfield Heights Data Center", "operator": "BlueBridge Networks", "city": "Mayfield Heights", "state": "OH", "networks": 0}, "geometry": {"type": "Point", "coordinates": [-81.467108, 41.505827]}}, {"type": "Feature", "properties": {"name": "Fortress SF1", "operator": "Fortress Data Centers", "city": "San Francisco", "state": "CA", "networks": 0}, "geometry": {"type": "Point", "coordinates": [-122.391772, 37.782608]}}, {"type": "Feature", "properties": {"name": "bigbyte.cc", "operator": "bigbyte.cc Corp", "city": "Albuquerque", "state": "NM", "networks": 6}, "geometry": {"type": "Point", "coordinates": [-106.648933, 35.084508]}}, {"type": "Feature", "properties": {"name": "Hive Data Center - Montreal", "operator": "Hive Data Center Inc.", "city": "Pointe-Claire", "state": "QC", "networks": 7}, "geometry": {"type": "Point", "coordinates": [-73.80085, 45.475074]}}, {"type": "Feature", "properties": {"name": "InterServer Teb2", "operator": "InterServer, Inc", "city": "Secaucus", "state": "NJ", "networks": 3}, "geometry": {"type": "Point", "coordinates": [-74.073757, 40.78606]}}, {"type": "Feature", "properties": {"name": "InterServer Teb4", "operator": "InterServer, Inc", "city": "Secaucus", "state": "NJ", "networks": 0}, "geometry": {"type": "Point", "coordinates": [-74.074991, 40.785251]}}, {"type": "Feature", "properties": {"name": "Oso Grande Technologies", "operator": "Oso Grande Technologies, Inc.", "city": "Albuquerque", "state": "NM", "networks": 4}, "geometry": {"type": "Point", "coordinates": [-106.653315, 35.09252]}}, {"type": "Feature", "properties": {"name": "mindSHIFT Ashburn", "operator": "MINDSHIFT TECHNOLOGIES", "city": "Ashburn", "state": "VA", "networks": 0}, "geometry": {"type": "Point", "coordinates": [-77.459022, 39.016363]}}, {"type": "Feature", "properties": {"name": "mindSHIT Commack", "operator": "MINDSHIFT TECHNOLOGIES", "city": "Commack", "state": "NY", "networks": 0}, "geometry": {"type": "Point", "coordinates": [-73.291647, 40.822677]}}, {"type": "Feature", "properties": {"name": "mindSHIFT Minneapolis", "operator": "MINDSHIFT TECHNOLOGIES", "city": "Minneapolis", "state": "MN", "networks": 0}, "geometry": {"type": "Point", "coordinates": [-93.25458, 44.971408]}}, {"type": "Feature", "properties": {"name": "Synergy Fiber", "operator": "SYNERGY BROADBAND", "city": "Ann Arbor", "state": "MI", "networks": 0}, "geometry": {"type": "Point", "coordinates": [-83.737636, 42.241804]}}, {"type": "Feature", "properties": {"name": "INAP Phoenix", "operator": "INAP Holding LLC", "city": "Phoenix", "state": "AZ", "networks": 2}, "geometry": {"type": "Point", "coordinates": [-112.053638, 33.298287]}}, {"type": "Feature", "properties": {"name": "Evocative LAX14", "operator": "VPLS", "city": "Los Angeles", "state": "CA", "networks": 8}, "geometry": {"type": "Point", "coordinates": [-118.368733, 33.889248]}}, {"type": "Feature", "properties": {"name": "CoreSite - Santa Clara (SV8)", "operator": "CoreSite", "city": "Santa Clara", "state": "CA", "networks": 4}, "geometry": {"type": "Point", "coordinates": [-121.97175, 37.377388]}}, {"type": "Feature", "properties": {"name": "CoreSite - Chicago (CH2)", "operator": "CoreSite", "city": "Chicago", "state": "IL", "networks": 15}, "geometry": {"type": "Point", "coordinates": [-87.640966, 41.86255]}}, {"type": "Feature", "properties": {"name": "Southwest Cyberport Albuquerque", "operator": "Southwest Cyberport, Inc.", "city": "Albuquerque", "state": "NM", "networks": 0}, "geometry": {"type": "Point", "coordinates": [-106.589084, 35.102314]}}, {"type": "Feature", "properties": {"name": "VDC BlackSun 121 Saskatoon", "operator": "VDC Virtual Data Corp.", "city": "Saskatoon", "state": "SK", "networks": 4}, "geometry": {"type": "Point", "coordinates": [-106.625086, 52.142492]}}, {"type": "Feature", "properties": {"name": "VDC BlackSun 2 Regina", "operator": "VDC Virtual Data Corp.", "city": "Regina", "state": "SK", "networks": 3}, "geometry": {"type": "Point", "coordinates": [-104.590244, 50.415184]}}, {"type": "Feature", "properties": {"name": "Digital Realty CH2 - Chicago", "operator": "Digital Realty", "city": "Elk Grove", "state": "IL", "networks": 0}, "geometry": {"type": "Point", "coordinates": [-87.957678, 41.99418]}}, {"type": "Feature", "properties": {"name": "Digital Realty CH3 - Chicago", "operator": "Digital Realty", "city": "Elk Grove", "state": "IL", "networks": 0}, "geometry": {"type": "Point", "coordinates": [-87.964112, 41.993346]}}, {"type": "Feature", "properties": {"name": "Digital Realty DFW (4025 Midway Road)", "operator": "Digital Realty", "city": "Carrollton", "state": "TX", "networks": 1}, "geometry": {"type": "Point", "coordinates": [-96.844732, 33.021668]}}, {"type": "Feature", "properties": {"name": "Digital Realty DFW (2440 Marsh Lane)", "operator": "Digital Realty", "city": "Carrollton", "state": "TX", "networks": 2}, "geometry": {"type": "Point", "coordinates": [-96.853694, 32.980107]}}, {"type": "Feature", "properties": {"name": "Cyberfuel Data Center", "operator": "Cyberfuel", "city": "Santa Ana", "state": "San Jos\u00e9", "networks": 0}, "geometry": {"type": "Point", "coordinates": [-84.18862, 9.935204]}}, {"type": "Feature", "properties": {"name": "Aptum MTL2", "operator": "Aptum Technologies", "city": "Kirkland", "state": "QC", "networks": 0}, "geometry": {"type": "Point", "coordinates": [-73.869218, 45.445916]}}, {"type": "Feature", "properties": {"name": "Aptum MTL1", "operator": "Aptum Technologies", "city": "Montreal", "state": "QC", "networks": 2}, "geometry": {"type": "Point", "coordinates": [-73.565488, 45.502357]}}, {"type": "Feature", "properties": {"name": "Equinix MI6 - Miami, Doral", "operator": "Equinix, Inc.", "city": "Doral", "state": "FL", "networks": 11}, "geometry": {"type": "Point", "coordinates": [-80.354555, 25.787849]}}, {"type": "Feature", "properties": {"name": "Telxius Boca Raton DC", "operator": "Telxius Cable", "city": "Miami", "state": "", "networks": 3}, "geometry": {"type": "Point", "coordinates": [-80.114041, 26.405641]}}, {"type": "Feature", "properties": {"name": "Panama Business Park - Movistar", "operator": "Telxius Cable", "city": "Panama", "state": "", "networks": 1}, "geometry": {"type": "Point", "coordinates": [-79.475293, 9.011092]}}, {"type": "Feature", "properties": {"name": "NOLA BROADBAND", "operator": "NOLA Broadband", "city": "Gretna", "state": "", "networks": 4}, "geometry": {"type": "Point", "coordinates": [-90.041661, 29.901419]}}, {"type": "Feature", "properties": {"name": "1530 SWIFT - NOCIX", "operator": "NOCIX, LLC", "city": "North Kansas City", "state": "MO", "networks": 157}, "geometry": {"type": "Point", "coordinates": [-94.577558, 39.136878]}}, {"type": "Feature", "properties": {"name": "NOCIX Clay Facility", "operator": "NOCIX, LLC", "city": "North Kansas City", "state": "MO", "networks": 16}, "geometry": {"type": "Point", "coordinates": [-94.578645, 39.137389]}}, {"type": "Feature", "properties": {"name": "Fort Rock Data Center", "operator": "Fort Rock Data Center", "city": "Bend", "state": "OR", "networks": 11}, "geometry": {"type": "Point", "coordinates": [-121.328535, 44.047402]}}, {"type": "Feature", "properties": {"name": "Cogent Toronto", "operator": "Cogent Communications, Inc.", "city": "Toronto", "state": "ON", "networks": 7}, "geometry": {"type": "Point", "coordinates": [-79.330905, 43.76961]}}, {"type": "Feature", "properties": {"name": "Cogent Mississauga", "operator": "Cogent Communications, Inc.", "city": "Mississauga", "state": "ON", "networks": 3}, "geometry": {"type": "Point", "coordinates": [-79.591158, 43.666084]}}, {"type": "Feature", "properties": {"name": "KIO M\u00e9rida 1 (MER1)", "operator": "KIO", "city": "M\u00e9rida", "state": "Yucatan", "networks": 3}, "geometry": {"type": "Point", "coordinates": [-89.59547, 21.036108]}}, {"type": "Feature", "properties": {"name": "KIO M\u00e9rida 2 (MER2)", "operator": "KIO", "city": "M\u00e9rida", "state": "Yucat\u00e1n", "networks": 2}, "geometry": {"type": "Point", "coordinates": [-89.681763, 20.929449]}}, {"type": "Feature", "properties": {"name": "KIO Hermosillo 1 (HER1)", "operator": "KIO", "city": "Hermosillo", "state": "Sonora", "networks": 2}, "geometry": {"type": "Point", "coordinates": [-110.961111, 29.085502]}}, {"type": "Feature", "properties": {"name": "Megacable Data Center - Guadalajara", "operator": "Mega Cable, S.A. de C.V.", "city": "Guadalajara", "state": "Jalisco", "networks": 7}, "geometry": {"type": "Point", "coordinates": [-103.281818, 20.61208]}}, {"type": "Feature", "properties": {"name": "Aunalytics South Bend Datacenter (AUSB)", "operator": "Aunalytics", "city": "South Bend", "state": "IN", "networks": 3}, "geometry": {"type": "Point", "coordinates": [-86.257342, 41.661423]}}, {"type": "Feature", "properties": {"name": "Neutral Networks Monterrey (MTY-NN)", "operator": "Even Group", "city": "Monterrey", "state": "", "networks": 6}, "geometry": {"type": "Point", "coordinates": [-100.316342, 25.666174]}}, {"type": "Feature", "properties": {"name": "Jackson Technical Datacenter", "operator": "Jackson Technical", "city": "Tulsa", "state": "OK", "networks": 1}, "geometry": {"type": "Point", "coordinates": [-95.984342, 36.151937]}}, {"type": "Feature", "properties": {"name": "123.NET - DC4 - 400 76th St SW", "operator": "123.Net, LLC.", "city": "Byron Center", "state": "MI", "networks": 12}, "geometry": {"type": "Point", "coordinates": [-85.672784, 42.825389]}}, {"type": "Feature", "properties": {"name": "123.NET - DC2 - 24275 Northwestern Hwy.", "operator": "123.Net, LLC.", "city": "Southfield", "state": "MI", "networks": 8}, "geometry": {"type": "Point", "coordinates": [-83.235001, 42.467035]}}, {"type": "Feature", "properties": {"name": "DartPoints Dublin, OH - CMH1", "operator": "DartPoints, LLC", "city": "Dublin", "state": "OH", "networks": 5}, "geometry": {"type": "Point", "coordinates": [-83.133589, 40.093185]}}, {"type": "Feature", "properties": {"name": "TunBroker Baltimore", "operator": "Tunbroker LLC", "city": "Linthicum Heights", "state": "MD", "networks": 0}, "geometry": {"type": "Point", "coordinates": [-76.679891, 39.213809]}}, {"type": "Feature", "properties": {"name": "123.NET - DC3 - 24245 Northwestern Hwy.", "operator": "123.Net, LLC.", "city": "Southfield", "state": "MI", "networks": 9}, "geometry": {"type": "Point", "coordinates": [-83.234666, 42.466862]}}, {"type": "Feature", "properties": {"name": "Equinix LA7 - Los Angeles", "operator": "Equinix, Inc.", "city": "Los Angeles", "state": "CA", "networks": 2}, "geometry": {"type": "Point", "coordinates": [-118.304002, 33.850864]}}, {"type": "Feature", "properties": {"name": "QTS Ashburn (ASH3)", "operator": "QTS Realty Trust, Inc.", "city": "Ashburn", "state": "VA", "networks": 7}, "geometry": {"type": "Point", "coordinates": [-77.475168, 39.000915]}}, {"type": "Feature", "properties": {"name": "Colo Solutions Downtown Orlando", "operator": "Colo Solutions, LLC", "city": "Orlando", "state": "FL", "networks": 14}, "geometry": {"type": "Point", "coordinates": [-81.379455, 28.534496]}}, {"type": "Feature", "properties": {"name": "DataCity 440 Waterloo", "operator": "DataCity", "city": "Waterloo", "state": "ON", "networks": 3}, "geometry": {"type": "Point", "coordinates": [-80.540546, 43.48164]}}, {"type": "Feature", "properties": {"name": "505 Marquette -- Lobo Internet", "operator": "Lobo Internet Services, Ltd", "city": "Albuquerque", "state": "NM", "networks": 0}, "geometry": {"type": "Point", "coordinates": [-106.652526, 35.088935]}}, {"type": "Feature", "properties": {"name": "Evocative BOS1", "operator": "VPLS", "city": "Somerville", "state": "MA", "networks": 9}, "geometry": {"type": "Point", "coordinates": [-71.080419, 42.377932]}}, {"type": "Feature", "properties": {"name": "Neutron - Coeur d'Alene", "operator": "Neutron LLC", "city": "Coeur d'Alene", "state": "ID", "networks": 6}, "geometry": {"type": "Point", "coordinates": [-116.794444, 47.700339]}}, {"type": "Feature", "properties": {"name": "Arrow Calgary DC2", "operator": "Arrow Datacenters Inc", "city": "Calgary", "state": "AB", "networks": 31}, "geometry": {"type": "Point", "coordinates": [-113.996727, 51.087137]}}, {"type": "Feature", "properties": {"name": "SaskTel Saskatoon North", "operator": "Saskatchewan Telecommunications", "city": "Saskatoon", "state": "SK", "networks": 3}, "geometry": {"type": "Point", "coordinates": [-106.655416, 52.193835]}}, {"type": "Feature", "properties": {"name": "Prov.net 935", "operator": "Provdotnet LLC", "city": "Providence", "state": "RI", "networks": 0}, "geometry": {"type": "Point", "coordinates": [-71.423806, 41.81764]}}, {"type": "Feature", "properties": {"name": "Equinix MT1 - Montreal", "operator": "Equinix, Inc.", "city": "Saint-Laurent", "state": "QC", "networks": 10}, "geometry": {"type": "Point", "coordinates": [-73.745578, 45.488966]}}, {"type": "Feature", "properties": {"name": "Equinix WI1 - Winnipeg", "operator": "Equinix, Inc.", "city": "Winnipeg", "state": "MB", "networks": 2}, "geometry": {"type": "Point", "coordinates": [-97.178151, 49.824978]}}, {"type": "Feature", "properties": {"name": "Equinix VA1 - Vancouver", "operator": "Equinix, Inc.", "city": "Burnaby", "state": "BC", "networks": 2}, "geometry": {"type": "Point", "coordinates": [-123.01094, 49.260409]}}, {"type": "Feature", "properties": {"name": "Equinix TR5 - Toronto", "operator": "Equinix, Inc.", "city": "Markham", "state": "ON", "networks": 0}, "geometry": {"type": "Point", "coordinates": [-79.333354, 43.846887]}}, {"type": "Feature", "properties": {"name": "Equinix SJ1 - Saint John", "operator": "Equinix, Inc.", "city": "Saint John", "state": "NB", "networks": 0}, "geometry": {"type": "Point", "coordinates": [-66.099191, 45.292567]}}, {"type": "Feature", "properties": {"name": "Equinix OT1 - Ottawa", "operator": "Equinix, Inc.", "city": "Gatineau", "state": "QC", "networks": 0}, "geometry": {"type": "Point", "coordinates": [-75.398115, 45.575353]}}, {"type": "Feature", "properties": {"name": "Equinix KA1 - Kamloops", "operator": "Equinix, Inc.", "city": "Kamloops", "state": "BC", "networks": 1}, "geometry": {"type": "Point", "coordinates": [-120.379861, 50.675455]}}, {"type": "Feature", "properties": {"name": "Equinix CL1 - Calgary", "operator": "Equinix, Inc.", "city": "Calgary", "state": "AB", "networks": 4}, "geometry": {"type": "Point", "coordinates": [-114.069297, 51.045517]}}, {"type": "Feature", "properties": {"name": "Equinix CL2 - Calgary", "operator": "Equinix, Inc.", "city": "Calgary", "state": "AB", "networks": 0}, "geometry": {"type": "Point", "coordinates": [-114.009688, 51.048066]}}, {"type": "Feature", "properties": {"name": "eStruxture VAN-3", "operator": "eStruxture Data Centers Inc.", "city": "Burnaby", "state": "BC", "networks": 1}, "geometry": {"type": "Point", "coordinates": [-122.99724, 49.254309]}}, {"type": "Feature", "properties": {"name": "Cogent Atlanta", "operator": "Cogent Communications, Inc.", "city": "Atlanta", "state": "GA", "networks": 12}, "geometry": {"type": "Point", "coordinates": [-84.391243, 33.755851]}}, {"type": "Feature", "properties": {"name": "200 South Virginia - Reno", "operator": "Basin Street Properties - Tahoe - Reno", "city": "Reno", "state": "NV", "networks": 5}, "geometry": {"type": "Point", "coordinates": [-119.811358, 39.522999]}}, {"type": "Feature", "properties": {"name": "CoreSite - Washington,DC (DC2)", "operator": "CoreSite", "city": "Washington", "state": "DC", "networks": 4}, "geometry": {"type": "Point", "coordinates": [-77.031169, 38.903404]}}, {"type": "Feature", "properties": {"name": "CoreSite - Los Angeles (LA3)", "operator": "CoreSite", "city": "Los Angeles", "state": "CA", "networks": 18}, "geometry": {"type": "Point", "coordinates": [-118.235929, 34.058703]}}, {"type": "Feature", "properties": {"name": "SecureData 365", "operator": "SecureData 365", "city": "Canton", "state": "OH", "networks": 0}, "geometry": {"type": "Point", "coordinates": [-81.431933, 40.832529]}}, {"type": "Feature", "properties": {"name": "DNSnetworks IDC3", "operator": "DNSnetworks Corporation", "city": "Ottawa", "state": "ON", "networks": 0}, "geometry": {"type": "Point", "coordinates": [-75.910181, 45.340247]}}, {"type": "Feature", "properties": {"name": "DNSnetworks IDC1", "operator": "DNSnetworks Corporation", "city": "Ottawa", "state": "ON", "networks": 0}, "geometry": {"type": "Point", "coordinates": [-75.797212, 45.336188]}}, {"type": "Feature", "properties": {"name": "DNSnetworks IDC4", "operator": "DNSnetworks Corporation", "city": "Miami", "state": "FL", "networks": 0}, "geometry": {"type": "Point", "coordinates": [-80.19313, 25.775869]}}, {"type": "Feature", "properties": {"name": "DNSnetworks IDC2", "operator": "DNSnetworks Corporation", "city": "Pointe-Claire", "state": "QC", "networks": 0}, "geometry": {"type": "Point", "coordinates": [-73.80085, 45.475074]}}, {"type": "Feature", "properties": {"name": "Globenet Boca Raton CLS", "operator": "Vtal", "city": "Boca Raton", "state": "FL", "networks": 2}, "geometry": {"type": "Point", "coordinates": [-80.08815, 26.344915]}}, {"type": "Feature", "properties": {"name": "AISO Data Center", "operator": "Affordable Internet Services Online, Inc.", "city": "Romoland", "state": "CA", "networks": 1}, "geometry": {"type": "Point", "coordinates": [-117.152165, 33.74821]}}, {"type": "Feature", "properties": {"name": "Connect Des Moines", "operator": "Connect Des Moines, LLC", "city": "Des Moines", "state": "IA", "networks": 10}, "geometry": {"type": "Point", "coordinates": [-93.625422, 41.585529]}}, {"type": "Feature", "properties": {"name": "Tonaquint Data Center - Boise ID", "operator": "Tonaquint Data Center, Inc.", "city": "Boise", "state": "ID", "networks": 2}, "geometry": {"type": "Point", "coordinates": [-116.310153, 43.60801]}}, {"type": "Feature", "properties": {"name": "T5@Cleveland", "operator": "T5 Data Centers", "city": "Cleveland", "state": "OH", "networks": 0}, "geometry": {"type": "Point", "coordinates": [-81.80254, 41.440122]}}, {"type": "Feature", "properties": {"name": "T5@Cincinnati", "operator": "T5 Data Centers", "city": "Cincinnati", "state": "OH", "networks": 0}, "geometry": {"type": "Point", "coordinates": [-84.536559, 39.10585]}}, {"type": "Feature", "properties": {"name": "T5@Minneapolis", "operator": "T5 Data Centers", "city": "Minneapolis", "state": "MN", "networks": 0}, "geometry": {"type": "Point", "coordinates": [-93.270339, 44.971526]}}, {"type": "Feature", "properties": {"name": "4120 Lafayette Center Drive", "operator": "Legacy Investing, LLC", "city": "Chantilly", "state": "VA", "networks": 0}, "geometry": {"type": "Point", "coordinates": [-77.469017, 38.905944]}}, {"type": "Feature", "properties": {"name": "AceHost Tampa", "operator": "AceHost", "city": "Tampa", "state": "FL", "networks": 3}, "geometry": {"type": "Point", "coordinates": [-82.457025, 27.948986]}}, {"type": "Feature", "properties": {"name": "Alpha Technologies DC1", "operator": "Alpha Technologies Inc.", "city": "South Charleston", "state": "WV", "networks": 6}, "geometry": {"type": "Point", "coordinates": [-81.696117, 38.353059]}}, {"type": "Feature", "properties": {"name": "Direct LTx Reading", "operator": "Directlink Technologies Corp.", "city": "Reading", "state": "PA", "networks": 1}, "geometry": {"type": "Point", "coordinates": [-75.982026, 40.381319]}}, {"type": "Feature", "properties": {"name": "Lincoln Rackhouse Kansas City", "operator": "Lincoln Rackhouse", "city": "Kansas City", "state": "MO", "networks": 0}, "geometry": {"type": "Point", "coordinates": [-94.67394, 39.295603]}}, {"type": "Feature", "properties": {"name": "Lincoln Rackhouse Atlanta", "operator": "Lincoln Rackhouse", "city": "Dunwoody", "state": "GA", "networks": 0}, "geometry": {"type": "Point", "coordinates": [-84.326708, 33.92663]}}, {"type": "Feature", "properties": {"name": "ICT Canada", "operator": "ICT CANADA", "city": "Waterloo", "state": "ON", "networks": 0}, "geometry": {"type": "Point", "coordinates": [-80.540546, 43.48164]}}, {"type": "Feature", "properties": {"name": "Victory Technology Center", "operator": "Victory Technology Center", "city": "Lackawanna", "state": "NY", "networks": 2}, "geometry": {"type": "Point", "coordinates": [-78.821501, 42.82652]}}, {"type": "Feature", "properties": {"name": "Whipcord LDC01", "operator": "Whipcord Edge Data Centers Inc.", "city": "Lethbridge", "state": "AB", "networks": 0}, "geometry": {"type": "Point", "coordinates": [-112.799996, 49.73586]}}, {"type": "Feature", "properties": {"name": "ATC Edge CDMX/E1", "operator": "ATC HOLDING FIBRA MEXICO", "city": "Mexico City", "state": "Mexico City", "networks": 1}, "geometry": {"type": "Point", "coordinates": [-99.208992, 19.433534]}}, {"type": "Feature", "properties": {"name": "ATC Edge CDMX/E2", "operator": "ATC HOLDING FIBRA MEXICO", "city": "Mexico City", "state": "Mexico City", "networks": 0}, "geometry": {"type": "Point", "coordinates": [-99.147841, 19.499242]}}, {"type": "Feature", "properties": {"name": "ATC Edge SLP/E1", "operator": "ATC HOLDING FIBRA MEXICO", "city": "San Luis Potosi", "state": "San Luis Potosi", "networks": 0}, "geometry": {"type": "Point", "coordinates": [-101.001061, 22.167048]}}, {"type": "Feature", "properties": {"name": "ATC Edge COR/E1", "operator": "ATC HOLDING FIBRA MEXICO", "city": "C\u00f3rdoba", "state": "Veracruz", "networks": 0}, "geometry": {"type": "Point", "coordinates": [-96.947799, 18.883041]}}, {"type": "Feature", "properties": {"name": "Heartland Technology Data Center", "operator": "Heartland Technology Data Center", "city": "Jesup", "state": "IA", "networks": 0}, "geometry": {"type": "Point", "coordinates": [-92.054083, 42.471271]}}, {"type": "Feature", "properties": {"name": "ATC Edge TIJ/E1", "operator": "ATC HOLDING FIBRA MEXICO", "city": "Tijuana", "state": "Baja California", "networks": 0}, "geometry": {"type": "Point", "coordinates": [-117.009995, 32.513607]}}, {"type": "Feature", "properties": {"name": "ATC Edge TOL/E1", "operator": "ATC HOLDING FIBRA MEXICO", "city": "San Mateo Atenco", "state": "State of Mexico", "networks": 0}, "geometry": {"type": "Point", "coordinates": [-99.559588, 19.306218]}}, {"type": "Feature", "properties": {"name": "ATC Edge AGS/E1", "operator": "ATC HOLDING FIBRA MEXICO", "city": "Aguascalientes", "state": "Aguascalientes", "networks": 0}, "geometry": {"type": "Point", "coordinates": [-102.312665, 21.882174]}}, {"type": "Feature", "properties": {"name": "ATC Edge LEON/E1", "operator": "ATC HOLDING FIBRA MEXICO", "city": "Le\u00f3n", "state": "Guanajuato", "networks": 0}, "geometry": {"type": "Point", "coordinates": [-101.660877, 21.118192]}}, {"type": "Feature", "properties": {"name": "ATC Edge LEON/E2", "operator": "ATC HOLDING FIBRA MEXICO", "city": "Le\u00f3n", "state": "Guanajuato", "networks": 0}, "geometry": {"type": "Point", "coordinates": [-101.699291, 21.150214]}}, {"type": "Feature", "properties": {"name": "ATC Edge LEON/E3", "operator": "ATC HOLDING FIBRA MEXICO", "city": "Le\u00f3n", "state": "Guanajuato", "networks": 0}, "geometry": {"type": "Point", "coordinates": [-101.627287, 21.083375]}}, {"type": "Feature", "properties": {"name": "ATC Edge GDL/E1", "operator": "ATC HOLDING FIBRA MEXICO", "city": "Las Pintas", "state": "Jalisco", "networks": 0}, "geometry": {"type": "Point", "coordinates": [-103.318729, 20.577703]}}, {"type": "Feature", "properties": {"name": "ATC Edge AGS/E2", "operator": "ATC HOLDING FIBRA MEXICO", "city": "Aguascalientes", "state": "Aguascalientes", "networks": 0}, "geometry": {"type": "Point", "coordinates": [-102.273056, 21.8913]}}, {"type": "Feature", "properties": {"name": "365 Data Centers New Jersey (NJ1)", "operator": "365 Data Centers", "city": "Bridgewater Township", "state": "NJ", "networks": 3}, "geometry": {"type": "Point", "coordinates": [-74.573881, 40.58144]}}, {"type": "Feature", "properties": {"name": "LCOG Park Place", "operator": "Lane Council Of Governments", "city": "Eugene", "state": "OR", "networks": 11}, "geometry": {"type": "Point", "coordinates": [-123.092459, 44.050388]}}, {"type": "Feature", "properties": {"name": "Amarillo Petroleum Building", "operator": "TNT Properties Inc.", "city": "Amarillo", "state": "TX", "networks": 5}, "geometry": {"type": "Point", "coordinates": [-101.839148, 35.205583]}}, {"type": "Feature", "properties": {"name": "Bluebird Quad Cities Data Center", "operator": "Bluebird Fiber", "city": "Bettendorf", "state": "IA", "networks": 9}, "geometry": {"type": "Point", "coordinates": [-90.482459, 41.550323]}}, {"type": "Feature", "properties": {"name": "Beloit-NOC", "operator": "North Central Kansas Community Network Co.", "city": "Beloit", "state": "KS", "networks": 0}, "geometry": {"type": "Point", "coordinates": [-98.110625, 39.459519]}}, {"type": "Feature", "properties": {"name": "BendTel", "operator": "BendTel", "city": "Bend", "state": "OR", "networks": 1}, "geometry": {"type": "Point", "coordinates": [-121.309509, 44.060152]}}, {"type": "Feature", "properties": {"name": "Cloudpath CT2 (1351 Washington Blvd)", "operator": "Cloudpath LLC", "city": "Stamford", "state": "CT", "networks": 1}, "geometry": {"type": "Point", "coordinates": [-73.542936, 41.058085]}}, {"type": "Feature", "properties": {"name": "Cloudpath CT19 (5 Landmark Sq)", "operator": "Cloudpath LLC", "city": "Stamford", "state": "CT", "networks": 2}, "geometry": {"type": "Point", "coordinates": [-73.537277, 41.054701]}}, {"type": "Feature", "properties": {"name": "Cogent Boca Raton", "operator": "Cogent Communications, Inc.", "city": "Boca Raton", "state": "FL", "networks": 2}, "geometry": {"type": "Point", "coordinates": [-80.109732, 26.392805]}}, {"type": "Feature", "properties": {"name": "Cogent Boston", "operator": "Cogent Communications, Inc.", "city": "Waltham", "state": "MA", "networks": 0}, "geometry": {"type": "Point", "coordinates": [-71.255728, 42.393191]}}, {"type": "Feature", "properties": {"name": "Cogent Chicago 1", "operator": "Cogent Communications, Inc.", "city": "Chicago", "state": "IL", "networks": 0}, "geometry": {"type": "Point", "coordinates": [-87.634525, 41.878465]}}, {"type": "Feature", "properties": {"name": "Cogent Chicago 2", "operator": "Cogent Communications, Inc.", "city": "Chicago", "state": "IL", "networks": 0}, "geometry": {"type": "Point", "coordinates": [-87.632145, 41.886487]}}, {"type": "Feature", "properties": {"name": "Cogent Cleveland", "operator": "Cogent Communications, Inc.", "city": "Cleveland", "state": "OH", "networks": 0}, "geometry": {"type": "Point", "coordinates": [-81.680462, 41.501689]}}, {"type": "Feature", "properties": {"name": "Cogent Columbus", "operator": "Cogent Communications, Inc.", "city": "Columbus", "state": "OH", "networks": 0}, "geometry": {"type": "Point", "coordinates": [-82.995596, 39.968136]}}, {"type": "Feature", "properties": {"name": "Metro MPLS", "operator": "Metro MPLS", "city": "Panama City", "state": "Panama", "networks": 0}, "geometry": {"type": "Point", "coordinates": [-79.521698, 8.98659]}}, {"type": "Feature", "properties": {"name": "Fiber Alley 8915", "operator": "Fiber Alley Datacenters", "city": "San Diego", "state": "CA", "networks": 0}, "geometry": {"type": "Point", "coordinates": [-117.134159, 32.829836]}}, {"type": "Feature", "properties": {"name": "Fiber Alley 8917", "operator": "Fiber Alley Datacenters", "city": "San Diego", "state": "CA", "networks": 0}, "geometry": {"type": "Point", "coordinates": [-117.134159, 32.829836]}}, {"type": "Feature", "properties": {"name": "EdgeUno Datacenter Mexico (QRO2)", "operator": "EdgeUno, Inc.", "city": "Queretaro", "state": "Quer\u00e9taro", "networks": 2}, "geometry": {"type": "Point", "coordinates": [-100.393176, 20.611308]}}, {"type": "Feature", "properties": {"name": "Lincoln Data Centers", "operator": "Binary Net, LLC", "city": "Lincoln", "state": "NE", "networks": 7}, "geometry": {"type": "Point", "coordinates": [-96.702272, 40.812034]}}, {"type": "Feature", "properties": {"name": "Binary Net Vault", "operator": "Binary Net, LLC", "city": "Lincoln", "state": "NE", "networks": 4}, "geometry": {"type": "Point", "coordinates": [-96.70235, 40.812702]}}, {"type": "Feature", "properties": {"name": "Stream Data Centers - Chicago II", "operator": "Stream Data Centers", "city": "Elk Grove Village", "state": "IL", "networks": 0}, "geometry": {"type": "Point", "coordinates": [-87.958291, 41.999144]}}, {"type": "Feature", "properties": {"name": "OpenColo", "operator": "Energy Group Networks LLC", "city": "Santa Clara", "state": "CA", "networks": 25}, "geometry": {"type": "Point", "coordinates": [-121.956248, 37.378892]}}, {"type": "Feature", "properties": {"name": "Digital Realty DFW18 (1210 Integrity Dr)", "operator": "Digital Realty", "city": "Richardson", "state": "TX", "networks": 5}, "geometry": {"type": "Point", "coordinates": [-96.711986, 32.96547]}}, {"type": "Feature", "properties": {"name": "PureColo Harbour Centre MMR6B", "operator": "Carrier Connect Systems Ltd.", "city": "Vancouver", "state": "BC", "networks": 4}, "geometry": {"type": "Point", "coordinates": [-123.111602, 49.284512]}}, {"type": "Feature", "properties": {"name": "ColoHouse New York", "operator": "ColoHouse Premier Datacenter", "city": "Orangeburg", "state": "NY", "networks": 3}, "geometry": {"type": "Point", "coordinates": [-73.97584, 41.034512]}}, {"type": "Feature", "properties": {"name": "DartPoints North Liberty, IA", "operator": "DartPoints, LLC", "city": "North Liberty", "state": "IA", "networks": 0}, "geometry": {"type": "Point", "coordinates": [-91.596653, 41.756979]}}, {"type": "Feature", "properties": {"name": "ZT-DC-01", "operator": "ZoneTech Networks Inc.", "city": "Sherbrooke", "state": "QC", "networks": 0}, "geometry": {"type": "Point", "coordinates": [-71.857441, 45.369574]}}, {"type": "Feature", "properties": {"name": "Secure Shore Data Center", "operator": "Bahamas Logistic Center Ltd.", "city": "Nassau", "state": "", "networks": 2}, "geometry": {"type": "Point", "coordinates": [-77.40446, 25.049935]}}, {"type": "Feature", "properties": {"name": "Navisite Andover", "operator": "NaviSite LLC", "city": "Andover", "state": "MA", "networks": 1}, "geometry": {"type": "Point", "coordinates": [-71.211131, 42.696486]}}, {"type": "Feature", "properties": {"name": "Navisite Santa Clara", "operator": "NaviSite LLC", "city": "Santa Clara", "state": "CA", "networks": 0}, "geometry": {"type": "Point", "coordinates": [-121.948022, 37.37289]}}, {"type": "Feature", "properties": {"name": "ORNY1", "operator": "1547 Critical Systems Realty", "city": "Orangeburg", "state": "NY", "networks": 0}, "geometry": {"type": "Point", "coordinates": [-73.97584, 41.034512]}}, {"type": "Feature", "properties": {"name": "Sungard AS Philadelphia", "operator": "Sungard Availability Services", "city": "Philadelphia", "state": "PA", "networks": 1}, "geometry": {"type": "Point", "coordinates": [-75.161014, 39.959612]}}, {"type": "Feature", "properties": {"name": "Sungard AS Aurora", "operator": "Sungard Availability Services", "city": "Aurora", "state": "CO", "networks": 2}, "geometry": {"type": "Point", "coordinates": [-104.762172, 39.762718]}}, {"type": "Feature", "properties": {"name": "Sungard AS Carlstadt 777", "operator": "Sungard Availability Services", "city": "Carlstadt", "state": "NJ", "networks": 1}, "geometry": {"type": "Point", "coordinates": [-74.044333, 40.828282]}}, {"type": "Feature", "properties": {"name": "Houston Bunker", "operator": "The Houston Bunker", "city": "Montgomery", "state": "TX", "networks": 5}, "geometry": {"type": "Point", "coordinates": [-95.668803, 30.377702]}}, {"type": "Feature", "properties": {"name": "DataBank San Diego (SAN1)", "operator": "DataBank, Ltd.", "city": "San Diego", "state": "CA", "networks": 3}, "geometry": {"type": "Point", "coordinates": [-117.073181, 32.988781]}}, {"type": "Feature", "properties": {"name": "DataBank McLean (IAD2)", "operator": "DataBank, Ltd.", "city": "McLean", "state": "VA", "networks": 2}, "geometry": {"type": "Point", "coordinates": [-77.215636, 38.919781]}}, {"type": "Feature", "properties": {"name": "DataBank Atlanta (ATL3)", "operator": "DataBank, Ltd.", "city": "Atlanta", "state": "GA", "networks": 5}, "geometry": {"type": "Point", "coordinates": [-84.425652, 33.734567]}}, {"type": "Feature", "properties": {"name": "DataBank Pittsburgh (PIT2)", "operator": "DataBank, Ltd.", "city": "Pittsburgh", "state": "PA", "networks": 1}, "geometry": {"type": "Point", "coordinates": [-80.190035, 40.451321]}}, {"type": "Feature", "properties": {"name": "DataBank Chicago (ORD2)", "operator": "DataBank, Ltd.", "city": "Chicago", "state": "IL", "networks": 2}, "geometry": {"type": "Point", "coordinates": [-87.640153, 41.870906]}}, {"type": "Feature", "properties": {"name": "DataBank Chicago (ORD4)", "operator": "DataBank, Ltd.", "city": "Oak Brook", "state": "IL", "networks": 4}, "geometry": {"type": "Point", "coordinates": [-87.920916, 41.854051]}}, {"type": "Feature", "properties": {"name": "DataBank Denver (DEN3)", "operator": "DataBank, Ltd.", "city": "Denver", "state": "CO", "networks": 4}, "geometry": {"type": "Point", "coordinates": [-104.994518, 39.74576]}}, {"type": "Feature", "properties": {"name": "DataBank Denver (DEN4)", "operator": "DataBank, Ltd.", "city": "Westminster", "state": "CO", "networks": 1}, "geometry": {"type": "Point", "coordinates": [-105.080128, 39.884552]}}, {"type": "Feature", "properties": {"name": "DataBank Piscataway (EWR2)", "operator": "DataBank, Ltd.", "city": "Piscataway", "state": "NJ", "networks": 2}, "geometry": {"type": "Point", "coordinates": [-74.458241, 40.549247]}}, {"type": "Feature", "properties": {"name": "DataBank Dallas (DFW4)", "operator": "DataBank, Ltd.", "city": "Dallas", "state": "TX", "networks": 2}, "geometry": {"type": "Point", "coordinates": [-96.873457, 32.821596]}}, {"type": "Feature", "properties": {"name": "DataBank Dallas (DFW7)", "operator": "DataBank, Ltd.", "city": "Dallas", "state": "TX", "networks": 2}, "geometry": {"type": "Point", "coordinates": [-96.791315, 32.922798]}}, {"type": "Feature", "properties": {"name": "DataBank Austin (AUS1)", "operator": "DataBank, Ltd.", "city": "Austin", "state": "TX", "networks": 4}, "geometry": {"type": "Point", "coordinates": [-97.763776, 30.436287]}}, {"type": "Feature", "properties": {"name": "DataBank Waco (ACT1)", "operator": "DataBank, Ltd.", "city": "Waco", "state": "TX", "networks": 1}, "geometry": {"type": "Point", "coordinates": [-97.13324, 31.55495]}}, {"type": "Feature", "properties": {"name": "DataBank Kansas City (MCI3)", "operator": "DataBank, Ltd.", "city": "Lenexa", "state": "KS", "networks": 4}, "geometry": {"type": "Point", "coordinates": [-94.77028, 38.92519]}}, {"type": "Feature", "properties": {"name": "DataBank Minneapolis (MSP4)", "operator": "DataBank, Ltd.", "city": "Minneapolis", "state": "MN", "networks": 6}, "geometry": {"type": "Point", "coordinates": [-93.25458, 44.971408]}}, {"type": "Feature", "properties": {"name": "DataBank Indianapolis (IND1)", "operator": "DataBank, Ltd.", "city": "Indianapolis", "state": "IN", "networks": 14}, "geometry": {"type": "Point", "coordinates": [-86.172235, 39.759374]}}, {"type": "Feature", "properties": {"name": "DataBank Indianapolis (IND2)", "operator": "DataBank, Ltd.", "city": "Indianapolis", "state": "IN", "networks": 2}, "geometry": {"type": "Point", "coordinates": [-86.170486, 39.760096]}}, {"type": "Feature", "properties": {"name": "DataBank Santa Clara (SFO1)", "operator": "DataBank, Ltd.", "city": "Santa Clara", "state": "CA", "networks": 3}, "geometry": {"type": "Point", "coordinates": [-121.965885, 37.407382]}}, {"type": "Feature", "properties": {"name": "DataBank Los Angeles (LAX1)", "operator": "DataBank, Ltd.", "city": "Los Angeles", "state": "CA", "networks": 5}, "geometry": {"type": "Point", "coordinates": [-118.255358, 34.047948]}}, {"type": "Feature", "properties": {"name": "DataBank Irvine (SNA2)", "operator": "DataBank, Ltd.", "city": "Irvine", "state": "CA", "networks": 4}, "geometry": {"type": "Point", "coordinates": [-117.842407, 33.687905]}}, {"type": "Feature", "properties": {"name": "DataBank Phoenix (PHX1)", "operator": "DataBank, Ltd.", "city": "Phoenix", "state": "AZ", "networks": 3}, "geometry": {"type": "Point", "coordinates": [-112.0767, 33.483936]}}, {"type": "Feature", "properties": {"name": "DataBank Phoenix (PHX2)", "operator": "DataBank, Ltd.", "city": "Phoenix", "state": "AZ", "networks": 0}, "geometry": {"type": "Point", "coordinates": [-111.975724, 33.454431]}}, {"type": "Feature", "properties": {"name": "DataBank Phoenix (PHX3)", "operator": "DataBank, Ltd.", "city": "Chandler", "state": "AZ", "networks": 0}, "geometry": {"type": "Point", "coordinates": [-111.885259, 33.273916]}}, {"type": "Feature", "properties": {"name": "DataBank Salt Lake City (SLC4)", "operator": "DataBank, Ltd.", "city": "Bluffdale", "state": "UT", "networks": 2}, "geometry": {"type": "Point", "coordinates": [-111.90496, 40.481315]}}, {"type": "Feature", "properties": {"name": "DataBank Salt Lake City (SLC5)", "operator": "DataBank, Ltd.", "city": "Bluffdale", "state": "UT", "networks": 3}, "geometry": {"type": "Point", "coordinates": [-111.904275, 40.480867]}}, {"type": "Feature", "properties": {"name": "ACW Winter Haven", "operator": "Alternative Choice Wireless, LLC", "city": "Winter Haven", "state": "FL", "networks": 0}, "geometry": {"type": "Point", "coordinates": [-81.728175, 28.024126]}}, {"type": "Feature", "properties": {"name": "ScaleMatrix San Diego Data Center US-West 01", "operator": "ScaleMatrix Holdings, Inc.", "city": "San Diego", "state": "CA", "networks": 3}, "geometry": {"type": "Point", "coordinates": [-117.133185, 32.838205]}}, {"type": "Feature", "properties": {"name": "ScaleMatrix Dallas Data Center US-South 01", "operator": "ScaleMatrix Holdings, Inc.", "city": "Allen", "state": "TX", "networks": 1}, "geometry": {"type": "Point", "coordinates": [-96.657387, 33.138618]}}, {"type": "Feature", "properties": {"name": "ScaleMatrix Seattle Data Center US-West 02", "operator": "ScaleMatrix Holdings, Inc.", "city": "Puyallup", "state": "WA", "networks": 0}, "geometry": {"type": "Point", "coordinates": [-122.279018, 47.154858]}}, {"type": "Feature", "properties": {"name": "ScaleMatrix Jacksonville Data Center US-South 02", "operator": "ScaleMatrix Holdings, Inc.", "city": "Jacksonville", "state": "FL", "networks": 0}, "geometry": {"type": "Point", "coordinates": [-81.582092, 30.216445]}}, {"type": "Feature", "properties": {"name": "PureColo Vancouver V1", "operator": "PureColo Inc.", "city": "Vancouver", "state": "BC", "networks": 5}, "geometry": {"type": "Point", "coordinates": [-123.115345, 49.287644]}}, {"type": "Feature", "properties": {"name": "Databridge Sites Silver Spring", "operator": "DataBridge Sites", "city": "Silver Spring", "state": "MD", "networks": 12}, "geometry": {"type": "Point", "coordinates": [-76.964486, 39.05867]}}, {"type": "Feature", "properties": {"name": "DataBridge Sites Aurora", "operator": "DataBridge Sites", "city": "Aurora", "state": "IL", "networks": 6}, "geometry": {"type": "Point", "coordinates": [-88.217055, 41.772203]}}, {"type": "Feature", "properties": {"name": "Gigifi Networks", "operator": "Gigifiber Networks, LLC", "city": "San Juan", "state": "Puerto Rico", "networks": 0}, "geometry": {"type": "Point", "coordinates": [-66.08252, 18.313363]}}, {"type": "Feature", "properties": {"name": "BluBroadband Shell Ave", "operator": "BluBroadband ISP", "city": "Fort Walton Beach", "state": "FL", "networks": 1}, "geometry": {"type": "Point", "coordinates": [-86.612424, 30.411196]}}, {"type": "Feature", "properties": {"name": "Aitelecom M\u00e9rida", "operator": "AITelecom S.A. de C.V.", "city": "M\u00e9rida", "state": "Yucat\u00e1n", "networks": 3}, "geometry": {"type": "Point", "coordinates": [-89.654297, 21.039473]}}, {"type": "Feature", "properties": {"name": "Telxius Panama CLS", "operator": "Telxius Cable", "city": "Panama", "state": "", "networks": 2}, "geometry": {"type": "Point", "coordinates": [-79.517856, 8.987235]}}, {"type": "Feature", "properties": {"name": "Telefonica POP Guatemala", "operator": "Telxius Cable", "city": "Guatemala City", "state": "", "networks": 1}, "geometry": {"type": "Point", "coordinates": [-90.544392, 14.605771]}}, {"type": "Feature", "properties": {"name": "TierPoint Bethlehem", "operator": "TierPoint, LLC", "city": "Bethlehem", "state": "PA", "networks": 2}, "geometry": {"type": "Point", "coordinates": [-75.37493, 40.670346]}}, {"type": "Feature", "properties": {"name": "TierPoint Boston - Marlborough", "operator": "TierPoint, LLC", "city": "Marlborough", "state": "MA", "networks": 2}, "geometry": {"type": "Point", "coordinates": [-71.579257, 42.312902]}}, {"type": "Feature", "properties": {"name": "TierPoint St. Louis \u2013 Millpark", "operator": "TierPoint, LLC", "city": "Maryland Heights", "state": "MO", "networks": 2}, "geometry": {"type": "Point", "coordinates": [-90.411954, 38.698612]}}, {"type": "Feature", "properties": {"name": "Golden West Rapid City Skyline Facility", "operator": "Golden West Telecommunications Coop., Inc.", "city": "Rapid City", "state": "SD", "networks": 3}, "geometry": {"type": "Point", "coordinates": [-103.244187, 44.047645]}}, {"type": "Feature", "properties": {"name": "CENTRA RNO01 - Reno Nevada (200 S. Virginia)", "operator": "CENTRA Digital Interconnect", "city": "Reno", "state": "NV", "networks": 4}, "geometry": {"type": "Point", "coordinates": [-119.811358, 39.522999]}}, {"type": "Feature", "properties": {"name": "LightEdge Kansas City Cavern (KCI2)", "operator": "LightEdge Cavern Suites", "city": "Lenexa", "state": "KS", "networks": 3}, "geometry": {"type": "Point", "coordinates": [-94.789552, 38.95187]}}, {"type": "Feature", "properties": {"name": "Equinix CH7 - Westmont", "operator": "Equinix, Inc.", "city": "Westmont", "state": "IL", "networks": 3}, "geometry": {"type": "Point", "coordinates": [-87.972834, 41.812598]}}, {"type": "Feature", "properties": {"name": "H5 Data Centers Cincinnati II", "operator": "H5 Data Centers", "city": "Cincinnati", "state": "OH", "networks": 1}, "geometry": {"type": "Point", "coordinates": [-84.53657, 39.105851]}}, {"type": "Feature", "properties": {"name": "NGX Networks - Hermosillo", "operator": "Networking Group 10 SA de CV", "city": "Hermosillo Centro", "state": "SON", "networks": 1}, "geometry": {"type": "Point", "coordinates": [-110.953965, 29.09121]}}, {"type": "Feature", "properties": {"name": "Cologix MTL9", "operator": "Cologix, Inc.", "city": "Drummondville", "state": "QC", "networks": 1}, "geometry": {"type": "Point", "coordinates": [-72.546059, 45.879297]}}, {"type": "Feature", "properties": {"name": "Cologix MTL10", "operator": "Cologix, Inc.", "city": "Longueuil", "state": "QC", "networks": 2}, "geometry": {"type": "Point", "coordinates": [-73.47536, 45.565528]}}, {"type": "Feature", "properties": {"name": "Cologix MTL11", "operator": "Cologix, Inc.", "city": "Montreal", "state": "QC", "networks": 18}, "geometry": {"type": "Point", "coordinates": [-73.564564, 45.498905]}}, {"type": "Feature", "properties": {"name": "Cologix SV1", "operator": "Cologix, Inc.", "city": "Santa Clara", "state": "CA", "networks": 8}, "geometry": {"type": "Point", "coordinates": [-121.961738, 37.365431]}}, {"type": "Feature", "properties": {"name": "Cologix TOR3", "operator": "Cologix, Inc.", "city": "Toronto", "state": "ON", "networks": 3}, "geometry": {"type": "Point", "coordinates": [-79.412275, 43.641667]}}, {"type": "Feature", "properties": {"name": "Cologix VAN4", "operator": "Cologix, Inc.", "city": "Vancouver", "state": "BC", "networks": 3}, "geometry": {"type": "Point", "coordinates": [-123.108702, 49.283527]}}, {"type": "Feature", "properties": {"name": "Cologix ASH1", "operator": "Cologix, Inc.", "city": "Ashburn", "state": "VA", "networks": 0}, "geometry": {"type": "Point", "coordinates": [-77.457738, 39.019135]}}, {"type": "Feature", "properties": {"name": "Peak Internet", "operator": "Peak Internet, LLC", "city": "Corvallis", "state": "OR", "networks": 0}, "geometry": {"type": "Point", "coordinates": [-123.275141, 44.559445]}}, {"type": "Feature", "properties": {"name": "Ascenty QRO01 - Quer\u00e9taro", "operator": "Ascenty DataCenters e Telecom", "city": "Queretaro", "state": "", "networks": 13}, "geometry": {"type": "Point", "coordinates": [-100.164375, 20.593235]}}, {"type": "Feature", "properties": {"name": "Ascenty QRO02 - Quer\u00e9taro", "operator": "Ascenty DataCenters e Telecom", "city": "Queretaro", "state": "", "networks": 9}, "geometry": {"type": "Point", "coordinates": [-100.418636, 20.587478]}}, {"type": "Feature", "properties": {"name": "Ridgeview Minnetonka", "operator": "Ridgeview", "city": "Minnetonka", "state": "MN", "networks": 16}, "geometry": {"type": "Point", "coordinates": [-93.436798, 44.97197]}}, {"type": "Feature", "properties": {"name": "713 Nebraska", "operator": "ImOn Communications, LLC", "city": "Sioux City", "state": "IA", "networks": 6}, "geometry": {"type": "Point", "coordinates": [-96.403951, 42.498104]}}, {"type": "Feature", "properties": {"name": "Triara Queretaro", "operator": "Triara Mty", "city": "Santiago de Quer\u00e9taro", "state": "", "networks": 7}, "geometry": {"type": "Point", "coordinates": [-100.393176, 20.611308]}}, {"type": "Feature", "properties": {"name": "Equinix DA11 - Dallas", "operator": "Equinix, Inc.", "city": "Dallas", "state": "TX", "networks": 54}, "geometry": {"type": "Point", "coordinates": [-96.821074, 32.801347]}}, {"type": "Feature", "properties": {"name": "Triara Monterey", "operator": "Triara Mty", "city": "Apodaca", "state": "", "networks": 1}, "geometry": {"type": "Point", "coordinates": [-100.180309, 25.78403]}}, {"type": "Feature", "properties": {"name": "Triara Mexico City", "operator": "Triara Mty", "city": "Azcapotzalco", "state": "", "networks": 3}, "geometry": {"type": "Point", "coordinates": [-99.19103, 19.471652]}}, {"type": "Feature", "properties": {"name": "Triara Cancun", "operator": "Triara Mty", "city": "Benito Ju\u00e1rez", "state": "", "networks": 0}, "geometry": {"type": "Point", "coordinates": [-86.829525, 21.161462]}}, {"type": "Feature", "properties": {"name": "EdgeConneX New Orleans (EDCSLI01)", "operator": "EdgeConneX Inc.", "city": "Slidell", "state": "LA", "networks": 0}, "geometry": {"type": "Point", "coordinates": [-89.737403, 30.287098]}}, {"type": "Feature", "properties": {"name": "Digicel Trinidad and Tobago", "operator": "Digicel Group", "city": "Port of Spain", "state": "", "networks": 0}, "geometry": {"type": "Point", "coordinates": [-61.519817, 10.665817]}}, {"type": "Feature", "properties": {"name": "CENTRA PWM1 - Portland, Maine (340 Cumberland)", "operator": "CENTRA Digital Interconnect", "city": "Portland", "state": "ME", "networks": 7}, "geometry": {"type": "Point", "coordinates": [-70.261218, 43.6578]}}, {"type": "Feature", "properties": {"name": "Sungard AS Thornton", "operator": "Sungard Availability Services", "city": "Thornton", "state": "CO", "networks": 1}, "geometry": {"type": "Point", "coordinates": [-104.979182, 39.847081]}}, {"type": "Feature", "properties": {"name": "MDC Nogales", "operator": "MDC Data Centers", "city": "Nogales", "state": "AZ", "networks": 3}, "geometry": {"type": "Point", "coordinates": [-110.943701, 31.334862]}}, {"type": "Feature", "properties": {"name": "T5@SiliconValley", "operator": "T5 Data Centers", "city": "Newark", "state": "CA", "networks": 0}, "geometry": {"type": "Point", "coordinates": [-122.001869, 37.510156]}}, {"type": "Feature", "properties": {"name": "T5@Portland", "operator": "T5 Data Centers", "city": "Hillsboro", "state": "OR", "networks": 1}, "geometry": {"type": "Point", "coordinates": [-122.938245, 45.555659]}}, {"type": "Feature", "properties": {"name": "T5@Charlotte", "operator": "T5 Data Centers", "city": "Kings Mountain", "state": "NC", "networks": 0}, "geometry": {"type": "Point", "coordinates": [-81.395098, 35.250449]}}, {"type": "Feature", "properties": {"name": "T5@Atlanta", "operator": "T5 Data Centers", "city": "Lithia Springs", "state": "GA", "networks": 0}, "geometry": {"type": "Point", "coordinates": [-84.604971, 33.763445]}}, {"type": "Feature", "properties": {"name": "T5@Augusta", "operator": "T5 Data Centers", "city": "Augusta", "state": "GA", "networks": 0}, "geometry": {"type": "Point", "coordinates": [-82.157946, 33.438755]}}, {"type": "Feature", "properties": {"name": "T5@Colorado Springs", "operator": "T5 Data Centers", "city": "Colorado Springs", "state": "CO", "networks": 0}, "geometry": {"type": "Point", "coordinates": [-104.788567, 38.785862]}}, {"type": "Feature", "properties": {"name": "DC Host Sheridan", "operator": "DC HOST INC", "city": "Sheridan", "state": "WY", "networks": 0}, "geometry": {"type": "Point", "coordinates": [-106.940957, 44.784169]}}, {"type": "Feature", "properties": {"name": "EXA Datacenter New York", "operator": "EXA Infrastructure", "city": "New York", "state": "NY", "networks": 2}, "geometry": {"type": "Point", "coordinates": [-74.008306, 40.717729]}}, {"type": "Feature", "properties": {"name": "EXA Datacenter Toronto", "operator": "EXA Infrastructure", "city": "Toronto", "state": "", "networks": 3}, "geometry": {"type": "Point", "coordinates": [-79.388891, 43.644825]}}, {"type": "Feature", "properties": {"name": "Lumen Tulsa 1", "operator": "Lumen Technologies Inc", "city": "Tulsa", "state": "OK", "networks": 2}, "geometry": {"type": "Point", "coordinates": [-95.993421, 36.15682]}}, {"type": "Feature", "properties": {"name": "Foremost Dallas", "operator": "Foremost Telecommunications Corporation", "city": "Dallas", "state": "TX", "networks": 0}, "geometry": {"type": "Point", "coordinates": [-96.808683, 32.933377]}}, {"type": "Feature", "properties": {"name": "Foremost Corpus Christi", "operator": "Foremost Telecommunications Corporation", "city": "Corpus Christi", "state": "TX", "networks": 0}, "geometry": {"type": "Point", "coordinates": [-97.397251, 27.795871]}}, {"type": "Feature", "properties": {"name": "Foremost San Antonio", "operator": "Foremost Telecommunications Corporation", "city": "San Antonio", "state": "TX", "networks": 0}, "geometry": {"type": "Point", "coordinates": [-98.487309, 29.42938]}}, {"type": "Feature", "properties": {"name": "Foremost Harlingen", "operator": "Foremost Telecommunications Corporation", "city": "Harlingen", "state": "TX", "networks": 0}, "geometry": {"type": "Point", "coordinates": [-97.690638, 26.192979]}}, {"type": "Feature", "properties": {"name": "Spin Servers DAL1", "operator": "Majestic Hosting Solutions, LLC", "city": "Dallas", "state": "TX", "networks": 1}, "geometry": {"type": "Point", "coordinates": [-96.79467, 32.783697]}}, {"type": "Feature", "properties": {"name": "AUBix Auburn", "operator": "AUBix LLC", "city": "Auburn", "state": "AL", "networks": 12}, "geometry": {"type": "Point", "coordinates": [-85.513729, 32.601054]}}, {"type": "Feature", "properties": {"name": "RagingWire HI1 - NTT", "operator": "RagingWire Data Centers - NTT", "city": "Hillsboro", "state": "OR", "networks": 2}, "geometry": {"type": "Point", "coordinates": [-122.937479, 45.549514]}}, {"type": "Feature", "properties": {"name": "RagingWire CH1 - NTT", "operator": "RagingWire Data Centers - NTT", "city": "Itasca", "state": "IL", "networks": 2}, "geometry": {"type": "Point", "coordinates": [-88.01368, 41.988567]}}, {"type": "Feature", "properties": {"name": "Segra Kannapolis", "operator": "SEGRA", "city": "Kannapolis", "state": "NC", "networks": 1}, "geometry": {"type": "Point", "coordinates": [-80.62259, 35.504805]}}, {"type": "Feature", "properties": {"name": "CENTRA CMH01 - Columbus Ohio (180 E Broad)", "operator": "CENTRA Digital Interconnect", "city": "Columbus", "state": "OH", "networks": 0}, "geometry": {"type": "Point", "coordinates": [-82.995994, 39.963183]}}, {"type": "Feature", "properties": {"name": "BluegrassNet Louisville", "operator": "Intermart Inc.", "city": "Louisville", "state": "KY", "networks": 0}, "geometry": {"type": "Point", "coordinates": [-85.74932, 38.241182]}}, {"type": "Feature", "properties": {"name": "ark data centers - Boise, ID", "operator": "ark data centers", "city": "Boise", "state": "ID", "networks": 9}, "geometry": {"type": "Point", "coordinates": [-116.290797, 43.579984]}}, {"type": "Feature", "properties": {"name": "ark data centers - Cleveland, OH", "operator": "ark data centers", "city": "Independence", "state": "OH", "networks": 2}, "geometry": {"type": "Point", "coordinates": [-81.632535, 41.361157]}}, {"type": "Feature", "properties": {"name": "421 N 6th Ave East", "operator": "ark data centers", "city": "Duluth", "state": "MN", "networks": 2}, "geometry": {"type": "Point", "coordinates": [-92.096014, 46.795743]}}, {"type": "Feature", "properties": {"name": "ark data centers - Canton,OH", "operator": "ark data centers", "city": "Canton", "state": "OH", "networks": 4}, "geometry": {"type": "Point", "coordinates": [-81.431933, 40.832529]}}, {"type": "Feature", "properties": {"name": "ark data centers - Youngstown, OH", "operator": "ark data centers", "city": "Youngstown", "state": "OH", "networks": 3}, "geometry": {"type": "Point", "coordinates": [-80.657012, 41.11832]}}, {"type": "Feature", "properties": {"name": "ark data centers - Pittsburgh, PA", "operator": "ark data centers", "city": "Freeport", "state": "PA", "networks": 3}, "geometry": {"type": "Point", "coordinates": [-79.637268, 40.752216]}}, {"type": "Feature", "properties": {"name": "US Signal MN01 - Minneapolis", "operator": "OneNeck IT Solutions LLC", "city": "Eden Prairie", "state": "MN", "networks": 5}, "geometry": {"type": "Point", "coordinates": [-93.407686, 44.877094]}}, {"type": "Feature", "properties": {"name": "US Signal WI02 - Madison", "operator": "OneNeck IT Solutions LLC", "city": "Fitchburg", "state": "WI", "networks": 3}, "geometry": {"type": "Point", "coordinates": [-89.423602, 42.994734]}}, {"type": "Feature", "properties": {"name": "US Signal IA01 - Des Moines", "operator": "OneNeck IT Solutions LLC", "city": "Waukee", "state": "IA", "networks": 2}, "geometry": {"type": "Point", "coordinates": [-93.853996, 41.620242]}}, {"type": "Feature", "properties": {"name": "US Signal CO01 - Denver", "operator": "OneNeck IT Solutions LLC", "city": "Englewood", "state": "CO", "networks": 2}, "geometry": {"type": "Point", "coordinates": [-104.833542, 39.559076]}}, {"type": "Feature", "properties": {"name": "US Signal OR01 - Bend", "operator": "OneNeck IT Solutions LLC", "city": "Bend", "state": "OR", "networks": 5}, "geometry": {"type": "Point", "coordinates": [-121.282971, 44.086238]}}, {"type": "Feature", "properties": {"name": "US Signal AZ01 - Phoenix", "operator": "OneNeck IT Solutions LLC", "city": "Gilbert", "state": "AZ", "networks": 3}, "geometry": {"type": "Point", "coordinates": [-111.826816, 33.355173]}}, {"type": "Feature", "properties": {"name": "EdgeConneX Chicago (EDCCHI02)", "operator": "EdgeConneX Inc.", "city": "Elk Grove Village", "state": "IL", "networks": 1}, "geometry": {"type": "Point", "coordinates": [-87.952626, 42.001364]}}, {"type": "Feature", "properties": {"name": "Cogent New Orleans", "operator": "Cogent Communications, Inc.", "city": "New Orleans", "state": "LA", "networks": 5}, "geometry": {"type": "Point", "coordinates": [-90.070115, 29.948875]}}, {"type": "Feature", "properties": {"name": "Digital Realty CHI (9333 Grand Ave)", "operator": "Digital Realty", "city": "Franklin Park", "state": "IL", "networks": 3}, "geometry": {"type": "Point", "coordinates": [-87.859119, 41.926884]}}, {"type": "Feature", "properties": {"name": "Digital Realty CHI (9355 Grand Ave)", "operator": "Digital Realty", "city": "Franklin Park", "state": "IL", "networks": 2}, "geometry": {"type": "Point", "coordinates": [-87.859333, 41.927658]}}, {"type": "Feature", "properties": {"name": "Digital Realty CHI (9377 Grand Ave)", "operator": "Digital Realty", "city": "Franklin Park", "state": "IL", "networks": 5}, "geometry": {"type": "Point", "coordinates": [-87.85877, 41.928621]}}, {"type": "Feature", "properties": {"name": "HRCOM", "operator": "HRcom Inc.", "city": "Guaynabo", "state": "", "networks": 7}, "geometry": {"type": "Point", "coordinates": [-66.105537, 18.416424]}}, {"type": "Feature", "properties": {"name": "Equinix AT4 - Atlanta", "operator": "Equinix, Inc.", "city": "Atlanta", "state": "GA", "networks": 5}, "geometry": {"type": "Point", "coordinates": [-84.453611, 33.895445]}}, {"type": "Feature", "properties": {"name": "EdgeCore Phoenix", "operator": "EdgeCore Digital Infrastructure", "city": "Mesa", "state": "AZ", "networks": 0}, "geometry": {"type": "Point", "coordinates": [-111.619886, 33.345396]}}, {"type": "Feature", "properties": {"name": "tzulo Chicago", "operator": "tzulo, inc.", "city": "Chicago", "state": "IL", "networks": 0}, "geometry": {"type": "Point", "coordinates": [-87.631496, 41.876203]}}, {"type": "Feature", "properties": {"name": "SD / Comsat Southbury Ground Station", "operator": "SD Data Center", "city": "Southbury", "state": "CT", "networks": 1}, "geometry": {"type": "Point", "coordinates": [-73.28939, 41.451602]}}, {"type": "Feature", "properties": {"name": "SD / Comsat Santa Paula Ground Station", "operator": "SD Data Center", "city": "Santa Paula", "state": "CA", "networks": 1}, "geometry": {"type": "Point", "coordinates": [-119.080887, 34.413094]}}, {"type": "Feature", "properties": {"name": "HostDime Orlando Tier IV Data Center", "operator": "HostDime", "city": "Orlando", "state": "FL", "networks": 2}, "geometry": {"type": "Point", "coordinates": [-81.385657, 28.614463]}}, {"type": "Feature", "properties": {"name": "Whipcord TDC01", "operator": "Whipcord Edge Data Centers Inc.", "city": "Etobicoke", "state": "ON", "networks": 0}, "geometry": {"type": "Point", "coordinates": [-79.515319, 43.612495]}}, {"type": "Feature", "properties": {"name": "eStruxture MTL-4", "operator": "eStruxture Data Centers Inc.", "city": "Montreal", "state": "QC", "networks": 6}, "geometry": {"type": "Point", "coordinates": [-73.869447, 45.44577]}}, {"type": "Feature", "properties": {"name": "eStruxture MTL-5", "operator": "eStruxture Data Centers Inc.", "city": "Montreal", "state": "QC", "networks": 5}, "geometry": {"type": "Point", "coordinates": [-73.565488, 45.502357]}}, {"type": "Feature", "properties": {"name": "eStruxture TOR-1", "operator": "eStruxture Data Centers Inc.", "city": "Toronto", "state": "ON", "networks": 6}, "geometry": {"type": "Point", "coordinates": [-79.384228, 43.644639]}}, {"type": "Feature", "properties": {"name": "eStruxture TOR-2", "operator": "eStruxture Data Centers Inc.", "city": "Toronto", "state": "ON", "networks": 4}, "geometry": {"type": "Point", "coordinates": [-79.384055, 43.64743]}}, {"type": "Feature", "properties": {"name": "eStruxture TOR-3", "operator": "eStruxture Data Centers Inc.", "city": "Toronto", "state": "ON", "networks": 4}, "geometry": {"type": "Point", "coordinates": [-79.53699, 43.601368]}}, {"type": "Feature", "properties": {"name": "eStruxture TOR-4", "operator": "eStruxture Data Centers Inc.", "city": "Toronto", "state": "ON", "networks": 4}, "geometry": {"type": "Point", "coordinates": [-79.23974, 43.820682]}}, {"type": "Feature", "properties": {"name": "eStruxture TOR-5", "operator": "eStruxture Data Centers Inc.", "city": "Barrie", "state": "ON", "networks": 4}, "geometry": {"type": "Point", "coordinates": [-79.670164, 44.337608]}}, {"type": "Feature", "properties": {"name": "Sunbreak Electronics", "operator": "Sunbreak Electronics", "city": "Portland", "state": "", "networks": 4}, "geometry": {"type": "Point", "coordinates": [-122.676541, 45.261026]}}, {"type": "Feature", "properties": {"name": "Scott Data Center Omaha", "operator": "Scott Managed Services", "city": "Omaha", "state": "NE", "networks": 2}, "geometry": {"type": "Point", "coordinates": [-96.016491, 41.242916]}}, {"type": "Feature", "properties": {"name": "Aligned Ashburn (IAD-02)", "operator": "Aligned Data Centers", "city": "Ashburn", "state": "VA", "networks": 0}, "geometry": {"type": "Point", "coordinates": [-77.475185, 39.010562]}}, {"type": "Feature", "properties": {"name": "Aligned Chicago (ORD-01)", "operator": "Aligned Data Centers", "city": "Northlake", "state": "IL", "networks": 0}, "geometry": {"type": "Point", "coordinates": [-87.91876, 41.913464]}}, {"type": "Feature", "properties": {"name": "Aligned Chicago (ORD-02)", "operator": "Aligned Data Centers", "city": "Northlake", "state": "IL", "networks": 0}, "geometry": {"type": "Point", "coordinates": [-87.91876, 41.913464]}}, {"type": "Feature", "properties": {"name": "Connect Cedar Valley", "operator": "Connect Des Moines, LLC", "city": "Cedar Falls", "state": "IA", "networks": 0}, "geometry": {"type": "Point", "coordinates": [-92.458792, 42.474167]}}, {"type": "Feature", "properties": {"name": "Digital Fortress (PTL3)", "operator": "Digital Fortress", "city": "Beaverton", "state": "OR", "networks": 4}, "geometry": {"type": "Point", "coordinates": [-122.776066, 45.475663]}}, {"type": "Feature", "properties": {"name": "Digital Fortress (LYN)", "operator": "Digital Fortress", "city": "Lynnwood", "state": "WA", "networks": 8}, "geometry": {"type": "Point", "coordinates": [-122.289478, 47.822503]}}, {"type": "Feature", "properties": {"name": "Digital Fortress (PNJ)", "operator": "Digital Fortress", "city": "Piscataway", "state": "NJ", "networks": 3}, "geometry": {"type": "Point", "coordinates": [-74.496592, 40.544144]}}, {"type": "Feature", "properties": {"name": "Quad State Internet PAH1 Colocation", "operator": "Quad State Internet LLC", "city": "Paducah", "state": "KY", "networks": 9}, "geometry": {"type": "Point", "coordinates": [-88.634104, 37.09402]}}, {"type": "Feature", "properties": {"name": "SFN MN-Rochester", "operator": "South Front Networks", "city": "Rochester", "state": "MN", "networks": 1}, "geometry": {"type": "Point", "coordinates": [-92.462501, 44.020906]}}, {"type": "Feature", "properties": {"name": "SFN IL-Peoria", "operator": "South Front Networks", "city": "Peoria", "state": "IL", "networks": 6}, "geometry": {"type": "Point", "coordinates": [-89.584721, 40.738991]}}, {"type": "Feature", "properties": {"name": "Aureon Downtown", "operator": "Aureon Network Services", "city": "Des Moines", "state": "IA", "networks": 2}, "geometry": {"type": "Point", "coordinates": [-93.631042, 41.5879]}}, {"type": "Feature", "properties": {"name": "Aureon Minneapolis", "operator": "Aureon Network Services", "city": "Minneapolis", "state": "MN", "networks": 0}, "geometry": {"type": "Point", "coordinates": [-93.25458, 44.971408]}}, {"type": "Feature", "properties": {"name": "Aureon West Des Moines", "operator": "Aureon Network Services", "city": "West Des Moines", "state": "", "networks": 1}, "geometry": {"type": "Point", "coordinates": [-93.735197, 41.597249]}}, {"type": "Feature", "properties": {"name": "LSVL-CTC1", "operator": "Massive Networks", "city": "Louisville", "state": "CO", "networks": 0}, "geometry": {"type": "Point", "coordinates": [-105.124453, 39.965362]}}, {"type": "Feature", "properties": {"name": "KIO M\u00e9xico 6 (MEX6)", "operator": "KIO", "city": "Toluca", "state": "Estado de M\u00e9xico", "networks": 2}, "geometry": {"type": "Point", "coordinates": [-99.658001, 19.251111]}}, {"type": "Feature", "properties": {"name": "Midco Sioux Falls", "operator": "Midcontinent Communications", "city": "Sioux Falls", "state": "SD", "networks": 2}, "geometry": {"type": "Point", "coordinates": [-96.785669, 43.496635]}}, {"type": "Feature", "properties": {"name": "Midco Yankton", "operator": "Midcontinent Communications", "city": "Yankton", "state": "SD", "networks": 2}, "geometry": {"type": "Point", "coordinates": [-97.416548, 42.892031]}}, {"type": "Feature", "properties": {"name": "Midco Fargo", "operator": "Midcontinent Communications", "city": "Fargo", "state": "ND", "networks": 3}, "geometry": {"type": "Point", "coordinates": [-96.865917, 46.836551]}}, {"type": "Feature", "properties": {"name": "Midco Grand Forks", "operator": "Midcontinent Communications", "city": "Grand Forks", "state": "ND", "networks": 2}, "geometry": {"type": "Point", "coordinates": [-97.090307, 47.902115]}}, {"type": "Feature", "properties": {"name": "Cogent La Mirada", "operator": "Cogent Communications, Inc.", "city": "La Mirada", "state": "CA", "networks": 0}, "geometry": {"type": "Point", "coordinates": [-118.026751, 33.879828]}}, {"type": "Feature", "properties": {"name": "DLI One", "operator": "DLI One, LLC", "city": "Columbus", "state": "GA", "networks": 1}, "geometry": {"type": "Point", "coordinates": [-84.883576, 32.498252]}}, {"type": "Feature", "properties": {"name": "Ethoplex Data Center", "operator": "Ethoplex", "city": "Germantown", "state": "WI", "networks": 1}, "geometry": {"type": "Point", "coordinates": [-88.146745, 43.227892]}}, {"type": "Feature", "properties": {"name": "DataBank Minneapolis (MSP3)", "operator": "DataBank, Ltd.", "city": "Brooklyn Park", "state": "MN", "networks": 3}, "geometry": {"type": "Point", "coordinates": [-93.385913, 45.14438]}}, {"type": "Feature", "properties": {"name": "SFN IA-Urbana", "operator": "South Front Networks", "city": "Urbana", "state": "IA", "networks": 1}, "geometry": {"type": "Point", "coordinates": [-91.886635, 42.246422]}}, {"type": "Feature", "properties": {"name": "Hemlock Plaza", "operator": "600Amps Internet Services, Inc.", "city": "Brookings", "state": "OR", "networks": 1}, "geometry": {"type": "Point", "coordinates": [-124.28091, 42.051179]}}, {"type": "Feature", "properties": {"name": "STRATA Vernal Data Center", "operator": "STRATA Networks", "city": "Vernal", "state": "UT", "networks": 1}, "geometry": {"type": "Point", "coordinates": [-109.528963, 40.456615]}}, {"type": "Feature", "properties": {"name": "MDC San Diego", "operator": "MDC Data Centers", "city": "San Diego", "state": "CA", "networks": 2}, "geometry": {"type": "Point", "coordinates": [-117.085384, 32.594192]}}, {"type": "Feature", "properties": {"name": "Router12 - Brick and Tile", "operator": "Router12 Networks LLC", "city": "Mason City", "state": "IA", "networks": 1}, "geometry": {"type": "Point", "coordinates": [-93.199328, 43.151696]}}, {"type": "Feature", "properties": {"name": "Flexential - Atlanta/Douglasville (ATL5)", "operator": "Flexential Corp.", "city": "Douglasville", "state": "GA", "networks": 0}, "geometry": {"type": "Point", "coordinates": [-84.615714, 33.731164]}}, {"type": "Feature", "properties": {"name": "Flexential - Portland/Hillsboro 3 (PDX03)", "operator": "Flexential Corp.", "city": "Hillsboro", "state": "OR", "networks": 2}, "geometry": {"type": "Point", "coordinates": [-122.938018, 45.559203]}}, {"type": "Feature", "properties": {"name": "Flexential - Portland/Hillsboro 4 (PDX04)", "operator": "Flexential Corp.", "city": "Hillsboro", "state": "OR", "networks": 2}, "geometry": {"type": "Point", "coordinates": [-122.939056, 45.555183]}}, {"type": "Feature", "properties": {"name": "Venyu BTR1", "operator": "VENYU SOLUTIONS, L.L.C.", "city": "Baton Rouge", "state": "LA", "networks": 2}, "geometry": {"type": "Point", "coordinates": [-91.115624, 30.45352]}}, {"type": "Feature", "properties": {"name": "Otava Metro Detroit", "operator": "Otava LLC", "city": "Westland", "state": "MI", "networks": 1}, "geometry": {"type": "Point", "coordinates": [-83.419408, 42.331172]}}, {"type": "Feature", "properties": {"name": "C Spire Mississippi", "operator": "C Spire", "city": "Starkville", "state": "MS", "networks": 0}, "geometry": {"type": "Point", "coordinates": [-88.791097, 33.470581]}}, {"type": "Feature", "properties": {"name": "Crown Castle Philadelphia (1309 Noble)", "operator": "Crown Castle Inc.", "city": "Philadelphia", "state": "PA", "networks": 0}, "geometry": {"type": "Point", "coordinates": [-75.160469, 39.960652]}}, {"type": "Feature", "properties": {"name": "Crown Castle White Plains (360 Hamilton)", "operator": "Crown Castle Inc.", "city": "White Plains", "state": "NY", "networks": 0}, "geometry": {"type": "Point", "coordinates": [-73.767108, 41.034715]}}, {"type": "Feature", "properties": {"name": "EdgeCore Silicon Valley", "operator": "EdgeCore Digital Infrastructure", "city": "Santa Clara", "state": "CA", "networks": 0}, "geometry": {"type": "Point", "coordinates": [-121.964919, 37.384692]}}, {"type": "Feature", "properties": {"name": "EdgeCore VA1", "operator": "EdgeCore Digital Infrastructure", "city": "Sterling", "state": "VA", "networks": 0}, "geometry": {"type": "Point", "coordinates": [-77.414111, 39.021724]}}, {"type": "Feature", "properties": {"name": "EdgeCore VA2", "operator": "EdgeCore Digital Infrastructure", "city": "Sterling", "state": "VA", "networks": 0}, "geometry": {"type": "Point", "coordinates": [-77.444362, 38.994747]}}, {"type": "Feature", "properties": {"name": "EdgeCore Reno 1", "operator": "EdgeCore Digital Infrastructure", "city": "McCarran", "state": "NV", "networks": 0}, "geometry": {"type": "Point", "coordinates": [-119.481812, 39.524415]}}, {"type": "Feature", "properties": {"name": "Ethoplex Edge DC - Green Bay", "operator": "Ethoplex", "city": "De Pere", "state": "WI", "networks": 1}, "geometry": {"type": "Point", "coordinates": [-88.050196, 44.428051]}}, {"type": "Feature", "properties": {"name": "Ethoplex Edge DC - Fond du Lac", "operator": "Ethoplex", "city": "Friendship", "state": "WI", "networks": 0}, "geometry": {"type": "Point", "coordinates": [-88.494331, 43.833878]}}, {"type": "Feature", "properties": {"name": "901 Commerce Dr", "operator": "Marshfield Clinic Inc.", "city": "Marshfield", "state": "WI", "networks": 0}, "geometry": {"type": "Point", "coordinates": [-90.168593, 44.632611]}}, {"type": "Feature", "properties": {"name": "Lumen Jacksonville", "operator": "Lumen Technologies Inc", "city": "Jacksonville", "state": "FL", "networks": 1}, "geometry": {"type": "Point", "coordinates": [-81.623873, 30.271996]}}, {"type": "Feature", "properties": {"name": "Lumen Portland", "operator": "Lumen Technologies Inc", "city": "Portland", "state": "OR", "networks": 2}, "geometry": {"type": "Point", "coordinates": [-122.68496, 45.531671]}}, {"type": "Feature", "properties": {"name": "Lumen Pittsburgh", "operator": "Lumen Technologies Inc", "city": "Pittsburgh", "state": "PA", "networks": 1}, "geometry": {"type": "Point", "coordinates": [-79.970352, 40.425388]}}, {"type": "Feature", "properties": {"name": "Lumen Philadelphia", "operator": "Lumen Technologies Inc", "city": "Philadelphia", "state": "PA", "networks": 1}, "geometry": {"type": "Point", "coordinates": [-75.161021, 39.959621]}}, {"type": "Feature", "properties": {"name": "Crown Castle Manchester (1 Sundial Ave)", "operator": "Crown Castle Inc.", "city": "Manchester", "state": "NH", "networks": 1}, "geometry": {"type": "Point", "coordinates": [-71.469472, 42.972613]}}, {"type": "Feature", "properties": {"name": "Innovation Place - Saskatoon", "operator": "Innovation Saskatchewan", "city": "Saskatoon", "state": "SK", "networks": 1}, "geometry": {"type": "Point", "coordinates": [-106.625086, 52.142492]}}, {"type": "Feature", "properties": {"name": "VELCO Rutland", "operator": "Vermont Electric Power Company, Inc.", "city": "Rutland", "state": "VT", "networks": 1}, "geometry": {"type": "Point", "coordinates": [-72.992651, 43.660147]}}, {"type": "Feature", "properties": {"name": "Energynet Datacenter", "operator": "Hopkinsville Electric System", "city": "Hopkinsville", "state": "KY", "networks": 4}, "geometry": {"type": "Point", "coordinates": [-87.465157, 36.847841]}}, {"type": "Feature", "properties": {"name": "Lost River Data Center", "operator": "Western Kentucky University", "city": "Bowling Green", "state": "KY", "networks": 1}, "geometry": {"type": "Point", "coordinates": [-86.470939, 36.962312]}}, {"type": "Feature", "properties": {"name": "Atomic Data MSP250", "operator": "Atomic Data LLC", "city": "Minneapolis", "state": "MN", "networks": 0}, "geometry": {"type": "Point", "coordinates": [-93.267514, 44.980944]}}, {"type": "Feature", "properties": {"name": "Russellvile EPB Smartnet", "operator": "Russellville Electric Plant Board", "city": "Russellville", "state": "KY", "networks": 1}, "geometry": {"type": "Point", "coordinates": [-86.88624, 36.846023]}}, {"type": "Feature", "properties": {"name": "DartPoints Baton Rouge, LA - BTR1", "operator": "DartPoints, LLC", "city": "Baton Rouge", "state": "LA", "networks": 4}, "geometry": {"type": "Point", "coordinates": [-91.115571, 30.452287]}}, {"type": "Feature", "properties": {"name": "H5 Data Centers San Luis Obispo", "operator": "H5 Data Centers", "city": "San Luis Obispo", "state": "CA", "networks": 0}, "geometry": {"type": "Point", "coordinates": [-120.640747, 35.255773]}}, {"type": "Feature", "properties": {"name": "QTS Phoenix (PHX2)", "operator": "QTS Realty Trust, Inc.", "city": "Phoenix", "state": "AZ", "networks": 1}, "geometry": {"type": "Point", "coordinates": [-111.995794, 33.462368]}}, {"type": "Feature", "properties": {"name": "Lumen West Haven", "operator": "Lumen Technologies Inc", "city": "West Haven", "state": "CT", "networks": 1}, "geometry": {"type": "Point", "coordinates": [-72.970174, 41.289812]}}, {"type": "Feature", "properties": {"name": "Lumen New Haven", "operator": "Lumen Technologies Inc", "city": "New Haven", "state": "CT", "networks": 1}, "geometry": {"type": "Point", "coordinates": [-72.926131, 41.299871]}}, {"type": "Feature", "properties": {"name": "Lumen Hartford", "operator": "Lumen Technologies Inc", "city": "Hartford", "state": "CT", "networks": 1}, "geometry": {"type": "Point", "coordinates": [-72.665146, 41.745091]}}, {"type": "Feature", "properties": {"name": "Lumen Stamford", "operator": "Lumen Technologies Inc", "city": "Stamford", "state": "CT", "networks": 1}, "geometry": {"type": "Point", "coordinates": [-73.530484, 41.049146]}}, {"type": "Feature", "properties": {"name": "Lumen New London", "operator": "Lumen Technologies Inc", "city": "New London", "state": "CT", "networks": 1}, "geometry": {"type": "Point", "coordinates": [-72.102643, 41.347035]}}, {"type": "Feature", "properties": {"name": "Crown Castle Stamford", "operator": "Crown Castle Inc.", "city": "Stamford", "state": "CT", "networks": 1}, "geometry": {"type": "Point", "coordinates": [-73.542936, 41.058085]}}, {"type": "Feature", "properties": {"name": "EdgeUno Datacenter Queretaro Mexico (QRO2)", "operator": "EdgeUno, Inc.", "city": "Queretaro", "state": "", "networks": 1}, "geometry": {"type": "Point", "coordinates": [-100.395522, 20.612462]}}, {"type": "Feature", "properties": {"name": "Richardson College for the Envrionment and Sciences", "operator": "University of Winnipeg", "city": "Winnipeg", "state": "MB", "networks": 1}, "geometry": {"type": "Point", "coordinates": [-97.157071, 49.889504]}}, {"type": "Feature", "properties": {"name": "Mountain West Technologies - Casper", "operator": "Mountain West Technologies Corporation", "city": "Casper", "state": "WY", "networks": 3}, "geometry": {"type": "Point", "coordinates": [-106.326238, 42.849554]}}, {"type": "Feature", "properties": {"name": "Mountain West Technologies - Cheyenne", "operator": "Mountain West Technologies Corporation", "city": "Cheyenne", "state": "WY", "networks": 3}, "geometry": {"type": "Point", "coordinates": [-104.82786, 41.175834]}}, {"type": "Feature", "properties": {"name": "Microtronix Datacenter Ottoville", "operator": "Microtronix ESolutions, LLC", "city": "Ottoville", "state": "OH", "networks": 2}, "geometry": {"type": "Point", "coordinates": [-84.341921, 40.929554]}}, {"type": "Feature", "properties": {"name": "SKYLINK DATA CENTERS", "operator": "SKYLINK DATA CENTERS", "city": "Naples", "state": "FL", "networks": 2}, "geometry": {"type": "Point", "coordinates": [-81.799835, 26.167743]}}, {"type": "Feature", "properties": {"name": "FIBERSTATE Salt Lake City (SLC1)", "operator": "FIBERSTATE", "city": "Draper", "state": "UT", "networks": 24}, "geometry": {"type": "Point", "coordinates": [-111.887967, 40.511814]}}, {"type": "Feature", "properties": {"name": "Halton Datacenter - Milton1", "operator": "Halton Datacenter Inc.", "city": "Milton", "state": "ON", "networks": 0}, "geometry": {"type": "Point", "coordinates": [-79.880871, 43.543149]}}, {"type": "Feature", "properties": {"name": "Equinix MT2", "operator": "Equinix, Inc.", "city": "Vaudreuil-Dorion", "state": "QC", "networks": 0}, "geometry": {"type": "Point", "coordinates": [-74.050381, 45.411764]}}, {"type": "Feature", "properties": {"name": "ColoradoColo - Lakewood (LKWD)", "operator": "ColoradoColo", "city": "Lakewood", "state": "CO", "networks": 2}, "geometry": {"type": "Point", "coordinates": [-105.122436, 39.728305]}}, {"type": "Feature", "properties": {"name": "Peace Communications CHA1", "operator": "Peace Communications", "city": "Chattanooga", "state": "TN", "networks": 1}, "geometry": {"type": "Point", "coordinates": [-85.293181, 35.03746]}}, {"type": "Feature", "properties": {"name": "Peace Communications HSV1", "operator": "Peace Communications", "city": "Huntsville", "state": "AL", "networks": 1}, "geometry": {"type": "Point", "coordinates": [-86.593493, 34.699841]}}, {"type": "Feature", "properties": {"name": "Midwest Energy &amp; Communications", "operator": "Midwest Energy &amp; Communications", "city": "Cassopolics", "state": "MI", "networks": 0}, "geometry": {"type": "Point", "coordinates": [-85.973476, 41.919049]}}, {"type": "Feature", "properties": {"name": "Mainstream Little Rock", "operator": "Mainstream Technologies, Inc", "city": "Little Rock", "state": "AR", "networks": 4}, "geometry": {"type": "Point", "coordinates": [-92.274415, 34.744124]}}, {"type": "Feature", "properties": {"name": "CloudOgre", "operator": "CloudOgre", "city": "Mill Spring", "state": "NC", "networks": 0}, "geometry": {"type": "Point", "coordinates": [-82.160867, 35.299848]}}, {"type": "Feature", "properties": {"name": "DC BLOX GSP1 - DCBLOX Greenville", "operator": "DC BLOX Parent LLC", "city": "Greenville", "state": "SC", "networks": 2}, "geometry": {"type": "Point", "coordinates": [-82.345891, 34.806553]}}, {"type": "Feature", "properties": {"name": "SMRWORXA - Somerset West Central Office", "operator": "Ziply Fiber", "city": "Portland", "state": "OR", "networks": 2}, "geometry": {"type": "Point", "coordinates": [-122.866777, 45.546391]}}, {"type": "Feature", "properties": {"name": "HLBOORXH - Hawthorne Central Office", "operator": "Ziply Fiber", "city": "Hillsboro", "state": "OR", "networks": 1}, "geometry": {"type": "Point", "coordinates": [-122.937143, 45.551374]}}, {"type": "Feature", "properties": {"name": "BVTNORXB - Beaverton Central Office", "operator": "Ziply Fiber", "city": "Beaverton", "state": "OR", "networks": 1}, "geometry": {"type": "Point", "coordinates": [-122.811642, 45.490175]}}, {"type": "Feature", "properties": {"name": "GRHMORXB - Gresham Central Office", "operator": "Ziply Fiber", "city": "Gresham", "state": "OR", "networks": 1}, "geometry": {"type": "Point", "coordinates": [-122.431708, 45.510725]}}, {"type": "Feature", "properties": {"name": "TGRDORXA - Tigard Central Office", "operator": "Ziply Fiber", "city": "Tigard", "state": "OR", "networks": 1}, "geometry": {"type": "Point", "coordinates": [-122.768572, 45.42558]}}, {"type": "Feature", "properties": {"name": "KNWCWAXA - Kennewick Central Office", "operator": "Ziply Fiber", "city": "Kennewick", "state": "WA", "networks": 1}, "geometry": {"type": "Point", "coordinates": [-119.187198, 46.212947]}}, {"type": "Feature", "properties": {"name": "EVRTWAXA - Everett Primary Central Office", "operator": "Ziply Fiber", "city": "Everett", "state": "WA", "networks": 1}, "geometry": {"type": "Point", "coordinates": [-122.226913, 47.921151]}}, {"type": "Feature", "properties": {"name": "BOTHWAXB - Bothell Central Office", "operator": "Ziply Fiber", "city": "Bothell", "state": "WA", "networks": 1}, "geometry": {"type": "Point", "coordinates": [-122.201932, 47.790938]}}, {"type": "Feature", "properties": {"name": "CRALIDXX - Coeur d'Alene Central Office", "operator": "Ziply Fiber", "city": "Coeur d'Alene", "state": "ID", "networks": 1}, "geometry": {"type": "Point", "coordinates": [-116.787537, 47.696497]}}, {"type": "Feature", "properties": {"name": "Data Holdings Milwaukee", "operator": "Stack41, LLC", "city": "Milwaukee", "state": "WI", "networks": 2}, "geometry": {"type": "Point", "coordinates": [-87.954079, 43.044331]}}, {"type": "Feature", "properties": {"name": "Enovum Datacenters MTL01", "operator": "Enovum Datacenters", "city": "Montreal", "state": "QC", "networks": 3}, "geometry": {"type": "Point", "coordinates": [-73.635071, 45.508602]}}, {"type": "Feature", "properties": {"name": "CoreSite - Miami (MI2)", "operator": "CoreSite", "city": "Doral", "state": "FL", "networks": 4}, "geometry": {"type": "Point", "coordinates": [-80.333581, 25.793318]}}, {"type": "Feature", "properties": {"name": "Scala Data Centers SMEXTP01", "operator": "Scala Data Centers", "city": "Tepotzotl\u00e1n", "state": "Edo de M\u00e9xico", "networks": 1}, "geometry": {"type": "Point", "coordinates": [-99.206124, 19.726354]}}, {"type": "Feature", "properties": {"name": "DC BLOX MYR1 - DCBLOX Myrtle Beach", "operator": "DC BLOX Parent LLC", "city": "Myrtle Beach", "state": "SC", "networks": 1}, "geometry": {"type": "Point", "coordinates": [-78.942594, 33.674793]}}, {"type": "Feature", "properties": {"name": "GigeNET CHI3", "operator": "GigeNET", "city": "Arlington Heights", "state": "IL", "networks": 1}, "geometry": {"type": "Point", "coordinates": [-87.976151, 42.040442]}}, {"type": "Feature", "properties": {"name": "Bonnie Lane", "operator": "BalsamWest FiberNET, LLC", "city": "Sylva", "state": "NC", "networks": 0}, "geometry": {"type": "Point", "coordinates": [-83.208476, 35.350076]}}, {"type": "Feature", "properties": {"name": "ProRacks Datacenter- Kansas City", "operator": "ProRacks Datacenter Solutions", "city": "Kansas City", "state": "MO", "networks": 0}, "geometry": {"type": "Point", "coordinates": [-94.568004, 39.104854]}}, {"type": "Feature", "properties": {"name": "eStruxture CAL-2", "operator": "eStruxture Data Centers Inc.", "city": "Rocky View", "state": "AB", "networks": 3}, "geometry": {"type": "Point", "coordinates": [-113.93294, 51.201442]}}, {"type": "Feature", "properties": {"name": "University of Winnipeg", "operator": "University of Winnipeg", "city": "Winnipeg", "state": "MB", "networks": 1}, "geometry": {"type": "Point", "coordinates": [-97.153686, 49.892143]}}, {"type": "Feature", "properties": {"name": "aspStation, Inc.", "operator": "aspStation, Inc.", "city": "Pittsburgh", "state": "PA", "networks": 0}, "geometry": {"type": "Point", "coordinates": [-79.946682, 40.46531]}}, {"type": "Feature", "properties": {"name": "TierPoint Dallas Forth Worth", "operator": "TierPoint, LLC", "city": "Fort Worth", "state": "TX", "networks": 2}, "geometry": {"type": "Point", "coordinates": [-97.252306, 32.979657]}}, {"type": "Feature", "properties": {"name": "SecureNet DC1", "operator": "SecureNet", "city": "South Charleston", "state": "WV", "networks": 1}, "geometry": {"type": "Point", "coordinates": [-81.695218, 38.366315]}}, {"type": "Feature", "properties": {"name": "Hut 8 GTA2", "operator": "Hut 8 HPC", "city": "Vaughan", "state": "ON", "networks": 0}, "geometry": {"type": "Point", "coordinates": [-79.529694, 43.798468]}}, {"type": "Feature", "properties": {"name": "Cologix COL4", "operator": "Cologix, Inc.", "city": "Columbus", "state": "OH", "networks": 0}, "geometry": {"type": "Point", "coordinates": [-82.999997, 40.118438]}}, {"type": "Feature", "properties": {"name": "Cologix MTL12", "operator": "Cologix, Inc.", "city": "Montreal", "state": "QC", "networks": 2}, "geometry": {"type": "Point", "coordinates": [-73.574941, 45.493361]}}, {"type": "Feature", "properties": {"name": "Cologix VAN5", "operator": "Cologix, Inc.", "city": "Vancouver", "state": "BC", "networks": 3}, "geometry": {"type": "Point", "coordinates": [-123.111935, 49.284697]}}, {"type": "Feature", "properties": {"name": "Cologix MTL8", "operator": "Cologix, Inc.", "city": "Montreal", "state": "QC", "networks": 1}, "geometry": {"type": "Point", "coordinates": [-73.769923, 45.481081]}}, {"type": "Feature", "properties": {"name": "Hut 8 GTA1", "operator": "Hut 8 HPC", "city": "Mississauga", "state": "ON", "networks": 0}, "geometry": {"type": "Point", "coordinates": [-79.608894, 43.638787]}}, {"type": "Feature", "properties": {"name": "Hut 8 KEL1", "operator": "Hut 8 HPC", "city": "Kelowna", "state": "BC", "networks": 0}, "geometry": {"type": "Point", "coordinates": [-119.441661, 49.8856]}}, {"type": "Feature", "properties": {"name": "Ufinet Panam\u00e1 - Transistmica", "operator": "Ufinet Panam\u00e1 S.A.", "city": "Panama", "state": "", "networks": 1}, "geometry": {"type": "Point", "coordinates": [-79.527426, 8.994047]}}, {"type": "Feature", "properties": {"name": "Lightboard \u2605 Vermont", "operator": "Lightboard \u2605", "city": "South Burlington", "state": "VT", "networks": 6}, "geometry": {"type": "Point", "coordinates": [-73.146839, 44.448637]}}, {"type": "Feature", "properties": {"name": "MTP Sites Mexico City Santa Fe DC", "operator": "MTP Sites", "city": "Mexico City", "state": "Mexico city", "networks": 10}, "geometry": {"type": "Point", "coordinates": [-99.280133, 19.362891]}}, {"type": "Feature", "properties": {"name": "Carrier Core - Tampa", "operator": "Carrier Core, LLC", "city": "Tampa", "state": "FL", "networks": 5}, "geometry": {"type": "Point", "coordinates": [-82.458393, 27.949606]}}, {"type": "Feature", "properties": {"name": "Midcon Recovery Solutions B3 Data Center", "operator": "Midcon Recovery Solutions", "city": "Oklahoma City", "state": "OK", "networks": 1}, "geometry": {"type": "Point", "coordinates": [-97.572301, 35.61718]}}, {"type": "Feature", "properties": {"name": "MTP Sites Tijuana Edge", "operator": "MTP Sites", "city": "Tijuana", "state": "Baja California Norte", "networks": 0}, "geometry": {"type": "Point", "coordinates": [-117.037873, 32.493306]}}, {"type": "Feature", "properties": {"name": "MTP Sites San Luis Potosi (SLP) Edge", "operator": "MTP Sites", "city": "San Luis Potosi", "state": "San Luis Potosi", "networks": 1}, "geometry": {"type": "Point", "coordinates": [-100.952455, 22.180844]}}, {"type": "Feature", "properties": {"name": "MTP Sites Leon Edge", "operator": "MTP Sites", "city": "Le\u00f3n", "state": "Guanajuato", "networks": 1}, "geometry": {"type": "Point", "coordinates": [-101.677957, 21.12643]}}, {"type": "Feature", "properties": {"name": "MTP Sites Merida Edge", "operator": "MTP Sites", "city": "M\u00e9rida", "state": "Yucatan", "networks": 4}, "geometry": {"type": "Point", "coordinates": [-89.640447, 20.953323]}}, {"type": "Feature", "properties": {"name": "Digital Realty YYZ12 Toronto (151 Front Street)", "operator": "Digital Realty", "city": "Toronto", "state": "ON", "networks": 5}, "geometry": {"type": "Point", "coordinates": [-79.384128, 43.644673]}}, {"type": "Feature", "properties": {"name": "US Signal - Grand Rapids South", "operator": "US Signal", "city": "Byron Center", "state": "MI", "networks": 2}, "geometry": {"type": "Point", "coordinates": [-85.672664, 42.825329]}}, {"type": "Feature", "properties": {"name": "Raeden Michigan 1", "operator": "Raeden", "city": "Detroit", "state": "MI", "networks": 0}, "geometry": {"type": "Point", "coordinates": [-83.053799, 42.32854]}}, {"type": "Feature", "properties": {"name": "FiberX Data Center", "operator": "FiberX", "city": "Guaynabo", "state": "PR", "networks": 17}, "geometry": {"type": "Point", "coordinates": [-66.105707, 18.416445]}}, {"type": "Feature", "properties": {"name": "RC Solutions", "operator": "Rootcloud LLC", "city": "Ashburn", "state": "VA", "networks": 0}, "geometry": {"type": "Point", "coordinates": [-77.459262, 39.016494]}}, {"type": "Feature", "properties": {"name": "Encore Technologies NOR1", "operator": "Encore Technologies", "city": "Norwood", "state": "OH", "networks": 0}, "geometry": {"type": "Point", "coordinates": [-84.44869, 39.160536]}}, {"type": "Feature", "properties": {"name": "Encore Technologies BLU1", "operator": "Encore Technologies", "city": "Blueash", "state": "OH", "networks": 0}, "geometry": {"type": "Point", "coordinates": [-84.36949, 39.277612]}}, {"type": "Feature", "properties": {"name": "Encore Technologies MSB1", "operator": "Encore Technologies", "city": "Miamisburg", "state": "OH", "networks": 0}, "geometry": {"type": "Point", "coordinates": [-84.229032, 39.616231]}}, {"type": "Feature", "properties": {"name": "Fusetelecom Data Center", "operator": "Fuse Telecom LLC", "city": "Bayamon", "state": "PR", "networks": 1}, "geometry": {"type": "Point", "coordinates": [-66.156217, 18.398479]}}, {"type": "Feature", "properties": {"name": "IP Pathways KC1", "operator": "IP Pathways, LLC", "city": "Kansas City", "state": "MO", "networks": 1}, "geometry": {"type": "Point", "coordinates": [-94.578884, 39.101199]}}, {"type": "Feature", "properties": {"name": "ELN02", "operator": "Applied Digital", "city": "Ellendale", "state": "ND", "networks": 0}, "geometry": {"type": "Point", "coordinates": [-98.569881, 46.012816]}}, {"type": "Feature", "properties": {"name": "RC-Facility", "operator": "Rootcloud LLC", "city": "Ashburn", "state": "VA", "networks": 0}, "geometry": {"type": "Point", "coordinates": [-77.467576, 39.008455]}}, {"type": "Feature", "properties": {"name": "Cologix DSM2", "operator": "Cologix, Inc.", "city": "Cedar Falls", "state": "IA", "networks": 2}, "geometry": {"type": "Point", "coordinates": [-92.458755, 42.474028]}}, {"type": "Feature", "properties": {"name": "Cologix DSM1", "operator": "Cologix, Inc.", "city": "Des Moines", "state": "IA", "networks": 8}, "geometry": {"type": "Point", "coordinates": [-93.625422, 41.585529]}}, {"type": "Feature", "properties": {"name": "Cologix TOR4", "operator": "Cologix, Inc.", "city": "Markham", "state": "ON", "networks": 1}, "geometry": {"type": "Point", "coordinates": [-79.342507, 43.850702]}}, {"type": "Feature", "properties": {"name": "Cologix TOR5", "operator": "Cologix, Inc.", "city": "Markham", "state": "ON", "networks": 1}, "geometry": {"type": "Point", "coordinates": [-79.342507, 43.850702]}}, {"type": "Feature", "properties": {"name": "Cologix MIN5", "operator": "Cologix, Inc.", "city": "Minneapolis", "state": "MN", "networks": 0}, "geometry": {"type": "Point", "coordinates": [-93.25458, 44.971408]}}, {"type": "Feature", "properties": {"name": "Netrality Kansas City Metro \u2013 KC2 | 7801 Nieman", "operator": "Netrality Data Centers", "city": "Shawnee", "state": "KS", "networks": 2}, "geometry": {"type": "Point", "coordinates": [-94.712431, 38.986502]}}, {"type": "Feature", "properties": {"name": "Smartdc Montreal", "operator": "Smartdc", "city": "Montreal", "state": "", "networks": 1}, "geometry": {"type": "Point", "coordinates": [-73.56475, 45.541721]}}, {"type": "Feature", "properties": {"name": "South Spencer Aureon hut", "operator": "Aureon Network Services", "city": "Spencer", "state": "IA", "networks": 2}, "geometry": {"type": "Point", "coordinates": [-95.120631, 43.112257]}}, {"type": "Feature", "properties": {"name": "Milton1", "operator": "Halton Datacenter Inc.", "city": "Milton", "state": "ON", "networks": 0}, "geometry": {"type": "Point", "coordinates": [-79.880871, 43.543149]}}, {"type": "Feature", "properties": {"name": "CoreSite - Santa Clara (SV9)", "operator": "CoreSite", "city": "Santa Clara", "state": "CA", "networks": 4}, "geometry": {"type": "Point", "coordinates": [-121.969155, 37.3749]}}, {"type": "Feature", "properties": {"name": "Lightboard \u2605 New England", "operator": "Lightboard \u2605", "city": "Springfield", "state": "MA", "networks": 3}, "geometry": {"type": "Point", "coordinates": [-72.576306, 42.109522]}}, {"type": "Feature", "properties": {"name": "EXA CLS Lynn", "operator": "EXA Infrastructure", "city": "Lynn", "state": "MA", "networks": 1}, "geometry": {"type": "Point", "coordinates": [-70.960773, 42.45957]}}, {"type": "Feature", "properties": {"name": "Dataverge Jersey City", "operator": "Dataverge Inc.", "city": "Jersey City", "state": "NJ", "networks": 6}, "geometry": {"type": "Point", "coordinates": [-74.033696, 40.726366]}}, {"type": "Feature", "properties": {"name": "ACS North Wire Center", "operator": "National Oceanic and Atmospheric Administration", "city": "Anchorage", "state": "AK", "networks": 1}, "geometry": {"type": "Point", "coordinates": [-149.890871, 61.208966]}}, {"type": "Feature", "properties": {"name": "2002 Victoria Avenue", "operator": "SPYR Network Ltd.", "city": "Regina", "state": "SK", "networks": 1}, "geometry": {"type": "Point", "coordinates": [-104.609743, 50.447455]}}, {"type": "Feature", "properties": {"name": "Lake Region Technology &amp; Communications", "operator": "Lake Region Technology &amp; Communications", "city": "Hulbert", "state": "OK", "networks": 1}, "geometry": {"type": "Point", "coordinates": [-95.134992, 35.931102]}}, {"type": "Feature", "properties": {"name": "Metanet New York Data Center CHELSEA", "operator": "Metanet Communications, Inc.", "city": "New York", "state": "NY", "networks": 2}, "geometry": {"type": "Point", "coordinates": [-74.007932, 40.74331]}}, {"type": "Feature", "properties": {"name": "Metanet New York Data Center Staten Island", "operator": "Metanet Communications, Inc.", "city": "Staten Island", "state": "NY", "networks": 4}, "geometry": {"type": "Point", "coordinates": [-74.181099, 40.603355]}}, {"type": "Feature", "properties": {"name": "Metanet New York Data Center GOOGLEPLEX", "operator": "Metanet Communications, Inc.", "city": "New York", "state": "NY", "networks": 1}, "geometry": {"type": "Point", "coordinates": [-74.003389, 40.741491]}}, {"type": "Feature", "properties": {"name": "Interphase Data Center New York I", "operator": "Interphase Communications, Inc.", "city": "New York", "state": "NY", "networks": 1}, "geometry": {"type": "Point", "coordinates": [-74.003387, 40.741469]}}, {"type": "Feature", "properties": {"name": "ECOM", "operator": "ELIAS COMUNICACIONES, SRL", "city": "LA VEGA", "state": "", "networks": 10}, "geometry": {"type": "Point", "coordinates": [-70.611168, 19.340213]}}, {"type": "Feature", "properties": {"name": "ark data centers - Green Bay, WI", "operator": "ark data centers", "city": "Menasha", "state": "WI", "networks": 1}, "geometry": {"type": "Point", "coordinates": [-88.345585, 44.207099]}}, {"type": "Feature", "properties": {"name": "Interphase Data Center New York II", "operator": "Interphase Communications, Inc.", "city": "New York", "state": "NY", "networks": 0}, "geometry": {"type": "Point", "coordinates": [-74.007932, 40.74331]}}, {"type": "Feature", "properties": {"name": "3HCloud - MIA-1", "operator": "3HCLOUD LLC", "city": "Miami", "state": "FL", "networks": 0}, "geometry": {"type": "Point", "coordinates": [-80.193056, 25.775702]}}, {"type": "Feature", "properties": {"name": "3HCloud - MIA-2", "operator": "3HCLOUD LLC", "city": "Miami", "state": "FL", "networks": 0}, "geometry": {"type": "Point", "coordinates": [-80.19313, 25.782365]}}, {"type": "Feature", "properties": {"name": "3HCloud - DFW-1", "operator": "3HCLOUD LLC", "city": "Dallas", "state": "TX", "networks": 0}, "geometry": {"type": "Point", "coordinates": [-96.873974, 32.827345]}}, {"type": "Feature", "properties": {"name": "3HCloud - SFO-1", "operator": "3HCLOUD LLC", "city": "San Francisco", "state": "CA", "networks": 0}, "geometry": {"type": "Point", "coordinates": [-122.390676, 37.788637]}}, {"type": "Feature", "properties": {"name": "Purecolo Ottawa DC2", "operator": "PureColo Inc.", "city": "Ottawa", "state": "ON", "networks": 1}, "geometry": {"type": "Point", "coordinates": [-75.690384, 45.34067]}}, {"type": "Feature", "properties": {"name": "Equinix DC16", "operator": "Equinix, Inc.", "city": "Ashburn", "state": "VA", "networks": 1}, "geometry": {"type": "Point", "coordinates": [-77.452284, 39.024202]}}, {"type": "Feature", "properties": {"name": "LSTI 401 Market", "operator": "LightSpeed Technologies, LLC", "city": "Canton", "state": "OH", "networks": 1}, "geometry": {"type": "Point", "coordinates": [-81.374423, 40.800863]}}, {"type": "Feature", "properties": {"name": "TierPoint St. Louis - Locust", "operator": "TierPoint, LLC", "city": "St Louis", "state": "MO", "networks": 1}, "geometry": {"type": "Point", "coordinates": [-90.21267, 38.633537]}}, {"type": "Feature", "properties": {"name": "LightSpeed Hosting - Medina", "operator": "LightSpeed Hosting", "city": "Medina", "state": "OH", "networks": 0}, "geometry": {"type": "Point", "coordinates": [-81.701097, 41.137371]}}, {"type": "Feature", "properties": {"name": "Lumen Kansas City", "operator": "Lumen Technologies Inc", "city": "Kansas City", "state": "MO", "networks": 1}, "geometry": {"type": "Point", "coordinates": [-94.568428, 39.090638]}}, {"type": "Feature", "properties": {"name": "Lumen San Antonio 1", "operator": "Lumen Technologies Inc", "city": "San Antonio", "state": "TX", "networks": 2}, "geometry": {"type": "Point", "coordinates": [-98.390801, 29.475675]}}, {"type": "Feature", "properties": {"name": "Cogent Detroit", "operator": "Cogent Communications, Inc.", "city": "Detroit", "state": "MI", "networks": 3}, "geometry": {"type": "Point", "coordinates": [-83.055773, 42.330743]}}, {"type": "Feature", "properties": {"name": "Apotech", "operator": "Apotech", "city": "Mount Prospect", "state": "IL", "networks": 1}, "geometry": {"type": "Point", "coordinates": [-87.915648, 42.078443]}}, {"type": "Feature", "properties": {"name": "Atlantech Online - Rockville, MD", "operator": "Atlantech Online, Inc.", "city": "Rockville", "state": "MD", "networks": 4}, "geometry": {"type": "Point", "coordinates": [-77.160038, 39.064319]}}, {"type": "Feature", "properties": {"name": "Atlantech Online - Silver Spring, MD", "operator": "Atlantech Online, Inc.", "city": "Silver Spring", "state": "MD", "networks": 1}, "geometry": {"type": "Point", "coordinates": [-77.027705, 38.993843]}}, {"type": "Feature", "properties": {"name": "East Kentucky Network Data Center", "operator": "East Kentucky Network, LLC.", "city": "Ivel", "state": "KY", "networks": 2}, "geometry": {"type": "Point", "coordinates": [-82.68065, 37.596989]}}, {"type": "Feature", "properties": {"name": "365 Data Centers Carlstadt (NJ3)", "operator": "365 Data Centers", "city": "Carlstadt", "state": "NJ", "networks": 3}, "geometry": {"type": "Point", "coordinates": [-74.049418, 40.827949]}}, {"type": "Feature", "properties": {"name": "Element Critical Houston HOU1", "operator": "Element Critical, LLC", "city": "Katy", "state": "TX", "networks": 2}, "geometry": {"type": "Point", "coordinates": [-95.755821, 29.802918]}}, {"type": "Feature", "properties": {"name": "Equinix MO2 - Monterrey", "operator": "Equinix, Inc.", "city": "Apodaca", "state": "Nuevo Le\u00f3n", "networks": 3}, "geometry": {"type": "Point", "coordinates": [-100.132852, 25.72546]}}, {"type": "Feature", "properties": {"name": "Clackamas ESD Datacenter", "operator": "Clackamas ESD", "city": "CLACKAMAS", "state": "OR", "networks": 9}, "geometry": {"type": "Point", "coordinates": [-122.564112, 45.426814]}}, {"type": "Feature", "properties": {"name": "DartPoints Baton Rouge, LA - BTR2", "operator": "DartPoints, LLC", "city": "Baton Rouge", "state": "LA", "networks": 2}, "geometry": {"type": "Point", "coordinates": [-91.115571, 30.452287]}}, {"type": "Feature", "properties": {"name": "Southern Telecom", "operator": "Southern Telecom", "city": "Atlanta", "state": "GA", "networks": 1}, "geometry": {"type": "Point", "coordinates": [-84.387804, 33.762044]}}, {"type": "Feature", "properties": {"name": "70 Henry St", "operator": "Tier.Net Technologies LLC", "city": "Binghamton", "state": "NY", "networks": 2}, "geometry": {"type": "Point", "coordinates": [-75.909021, 42.100956]}}, {"type": "Feature", "properties": {"name": "DartPoints Shreveport, LA - SHV1", "operator": "DartPoints, LLC", "city": "Shreveport", "state": "LA", "networks": 3}, "geometry": {"type": "Point", "coordinates": [-93.749942, 32.511085]}}, {"type": "Feature", "properties": {"name": "Cube Global", "operator": "Cube Global Storage", "city": "Victoria", "state": "BC", "networks": 1}, "geometry": {"type": "Point", "coordinates": [-123.394876, 48.48102]}}, {"type": "Feature", "properties": {"name": "American Tower RA1", "operator": "American Tower", "city": "Raleigh", "state": "NC", "networks": 1}, "geometry": {"type": "Point", "coordinates": [-78.726568, 35.78812]}}, {"type": "Feature", "properties": {"name": "USSHC", "operator": "USSHC", "city": "Monticello", "state": "IA", "networks": 1}, "geometry": {"type": "Point", "coordinates": [-91.092129, 42.284076]}}, {"type": "Feature", "properties": {"name": "H5 Data Centers Quincy 2/3", "operator": "H5 Data Centers", "city": "Quincy", "state": "WA", "networks": 0}, "geometry": {"type": "Point", "coordinates": [-119.824924, 47.247916]}}, {"type": "Feature", "properties": {"name": "H5 Data Centers Omaha", "operator": "H5 Data Centers", "city": "La Vista", "state": "NE", "networks": 0}, "geometry": {"type": "Point", "coordinates": [-96.084974, 41.180701]}}, {"type": "Feature", "properties": {"name": "H5 Data Centers Buffalo I", "operator": "H5 Data Centers", "city": "Lockport", "state": "NY", "networks": 0}, "geometry": {"type": "Point", "coordinates": [-78.751731, 43.167553]}}, {"type": "Feature", "properties": {"name": "H5 Data Centers Buffalo II", "operator": "H5 Data Centers", "city": "Lockport", "state": "NY", "networks": 0}, "geometry": {"type": "Point", "coordinates": [-78.748743, 43.169757]}}, {"type": "Feature", "properties": {"name": "Lightboard \u2605 Western NY", "operator": "Lightboard \u2605", "city": "Syracuse", "state": "NY", "networks": 2}, "geometry": {"type": "Point", "coordinates": [-76.150348, 43.050221]}}, {"type": "Feature", "properties": {"name": "BLDR-1919", "operator": "Massive Networks", "city": "Boulder", "state": "CO", "networks": 0}, "geometry": {"type": "Point", "coordinates": [-105.277335, 40.017695]}}, {"type": "Feature", "properties": {"name": "CEMO DC", "operator": "CENTRIC MOBILITY (CEMO), S.R.L", "city": "Santiago", "state": "Santiago", "networks": 11}, "geometry": {"type": "Point", "coordinates": [-70.697215, 19.443373]}}, {"type": "Feature", "properties": {"name": "365 Data Centers Buffalo (PA1)", "operator": "365 Data Centers", "city": "Philadelphia", "state": "PA", "networks": 0}, "geometry": {"type": "Point", "coordinates": [-75.163734, 39.962369]}}, {"type": "Feature", "properties": {"name": "365 Data Centers Philadelphia (PA1)", "operator": "365 Data Centers", "city": "Philadelphia", "state": "PA", "networks": 4}, "geometry": {"type": "Point", "coordinates": [-75.163734, 39.962369]}}, {"type": "Feature", "properties": {"name": "365 Data Centers Alpharetta (GA1)", "operator": "365 Data Centers", "city": "Alpharetta", "state": "GA", "networks": 1}, "geometry": {"type": "Point", "coordinates": [-84.272727, 34.06343]}}, {"type": "Feature", "properties": {"name": "365 Data Centers Aurora (CO1)", "operator": "365 Data Centers", "city": "Aurora", "state": "CO", "networks": 0}, "geometry": {"type": "Point", "coordinates": [-104.760923, 39.762184]}}, {"type": "Feature", "properties": {"name": "365 Data Centers Marlboro (MA1)", "operator": "365 Data Centers", "city": "Marlboro", "state": "MA", "networks": 1}, "geometry": {"type": "Point", "coordinates": [-71.586082, 42.352468]}}, {"type": "Feature", "properties": {"name": "365 Data Centers Rancho Cordova (CA1)", "operator": "365 Data Centers", "city": "Rancho Cordova", "state": "CA", "networks": 0}, "geometry": {"type": "Point", "coordinates": [-121.272644, 38.596063]}}, {"type": "Feature", "properties": {"name": "365 Data Centers Richardson (TX1)", "operator": "365 Data Centers", "city": "Richardson", "state": "TX", "networks": 4}, "geometry": {"type": "Point", "coordinates": [-96.707323, 32.976121]}}, {"type": "Feature", "properties": {"name": "365 Data Centers Smyrna (GA2)", "operator": "365 Data Centers", "city": "Smyrna", "state": "GA", "networks": 0}, "geometry": {"type": "Point", "coordinates": [-84.522407, 33.841159]}}, {"type": "Feature", "properties": {"name": "Hurricane Electric San Jose 1", "operator": "Hurricane Electric", "city": "San Jose", "state": "CA", "networks": 2}, "geometry": {"type": "Point", "coordinates": [-121.891703, 37.33417]}}, {"type": "Feature", "properties": {"name": "1623 Farmam", "operator": "Farmers Mutual Telephone Company Stanton", "city": "Omaha", "state": "NE", "networks": 2}, "geometry": {"type": "Point", "coordinates": [-95.938164, 41.25737]}}, {"type": "Feature", "properties": {"name": "Metanet New York Data Center 60 HUDSON", "operator": "Metanet Communications, Inc.", "city": "New York", "state": "NY", "networks": 1}, "geometry": {"type": "Point", "coordinates": [-74.008306, 40.717729]}}, {"type": "Feature", "properties": {"name": "Wowrack Datacenter - Tukwila", "operator": "Wowrack.com", "city": "Tukwila", "state": "WA", "networks": 4}, "geometry": {"type": "Point", "coordinates": [-122.293832, 47.493158]}}, {"type": "Feature", "properties": {"name": "Cogent Springfield MA", "operator": "Cogent Communications, Inc.", "city": "Springfield", "state": "MA", "networks": 0}, "geometry": {"type": "Point", "coordinates": [-72.583699, 42.112956]}}, {"type": "Feature", "properties": {"name": "WANSEC DC16", "operator": "WANSecurity, Inc.", "city": "Overland Park", "state": "KS", "networks": 0}, "geometry": {"type": "Point", "coordinates": [-94.714725, 38.962363]}}, {"type": "Feature", "properties": {"name": "YAKMWAFP - Wholesail Yakima", "operator": "Ziply Fiber", "city": "Yakima", "state": "WA", "networks": 0}, "geometry": {"type": "Point", "coordinates": [-120.493644, 46.604852]}}, {"type": "Feature", "properties": {"name": "DCN Dakota Carrier Networks", "operator": "Dakota Carrier Network", "city": "Fargo", "state": "ND", "networks": 2}, "geometry": {"type": "Point", "coordinates": [-96.841621, 46.8141]}}, {"type": "Feature", "properties": {"name": "DCN Dakota Carrier Networks Bismarck", "operator": "Dakota Carrier Network", "city": "Bismarck", "state": "ND", "networks": 2}, "geometry": {"type": "Point", "coordinates": [-100.78185, 46.851773]}}, {"type": "Feature", "properties": {"name": "EdgeUno Datacenter Queretaro Mexico (QRO3)", "operator": "EdgeUno, Inc.", "city": "Queretaro", "state": "", "networks": 1}, "geometry": {"type": "Point", "coordinates": [-100.254469, 20.564396]}}, {"type": "Feature", "properties": {"name": "Cogent St Louis", "operator": "Cogent Communications, Inc.", "city": "St. Louis", "state": "MO", "networks": 3}, "geometry": {"type": "Point", "coordinates": [-90.212002, 38.621224]}}, {"type": "Feature", "properties": {"name": "Cogent Houston", "operator": "Cogent Communications, Inc.", "city": "Houston", "state": "TX", "networks": 0}, "geometry": {"type": "Point", "coordinates": [-95.416408, 29.944087]}}, {"type": "Feature", "properties": {"name": "Provision Data LM4DC2", "operator": "Provision Data Systems Inc.", "city": "Kelowna", "state": "BC", "networks": 0}, "geometry": {"type": "Point", "coordinates": [-119.461106, 49.881135]}}, {"type": "Feature", "properties": {"name": "Cogent Akron", "operator": "Cogent Communications, Inc.", "city": "Akron", "state": "OH", "networks": 1}, "geometry": {"type": "Point", "coordinates": [-81.513895, 41.087427]}}, {"type": "Feature", "properties": {"name": "Cogent Atlanta 2", "operator": "Cogent Communications, Inc.", "city": "Atlanta", "state": "GA", "networks": 0}, "geometry": {"type": "Point", "coordinates": [-84.412569, 33.722413]}}, {"type": "Feature", "properties": {"name": "Cogent Austin", "operator": "Cogent Communications, Inc.", "city": "Austin", "state": "TX", "networks": 1}, "geometry": {"type": "Point", "coordinates": [-97.697975, 30.209234]}}, {"type": "Feature", "properties": {"name": "Cogent Elkridge", "operator": "Cogent Communications, Inc.", "city": "Elkridge", "state": "MD", "networks": 0}, "geometry": {"type": "Point", "coordinates": [-76.712389, 39.203469]}}, {"type": "Feature", "properties": {"name": "Cogent Billings", "operator": "Cogent Communications, Inc.", "city": "Billings", "state": "MT", "networks": 1}, "geometry": {"type": "Point", "coordinates": [-108.591913, 45.740895]}}, {"type": "Feature", "properties": {"name": "Cogent Buffalo", "operator": "Cogent Communications, Inc.", "city": "Buffalo", "state": "NY", "networks": 0}, "geometry": {"type": "Point", "coordinates": [-78.846588, 42.881232]}}, {"type": "Feature", "properties": {"name": "Cogent Charlotte", "operator": "Cogent Communications, Inc.", "city": "Charlotte", "state": "NC", "networks": 0}, "geometry": {"type": "Point", "coordinates": [-80.836767, 35.222097]}}, {"type": "Feature", "properties": {"name": "Cogent Charlotte 2", "operator": "Cogent Communications, Inc.", "city": "Charlotte", "state": "NC", "networks": 0}, "geometry": {"type": "Point", "coordinates": [-80.858282, 35.221028]}}, {"type": "Feature", "properties": {"name": "Cogent Cheyenne", "operator": "Cogent Communications, Inc.", "city": "Cheyenne", "state": "WY", "networks": 0}, "geometry": {"type": "Point", "coordinates": [-104.811619, 41.127922]}}, {"type": "Feature", "properties": {"name": "Cogent Chicago 3", "operator": "Cogent Communications, Inc.", "city": "Chicago", "state": "IL", "networks": 0}, "geometry": {"type": "Point", "coordinates": [-87.728896, 41.819974]}}, {"type": "Feature", "properties": {"name": "Cogent Cleveland 2", "operator": "Cogent Communications, Inc.", "city": "Cleveland", "state": "OH", "networks": 1}, "geometry": {"type": "Point", "coordinates": [-81.674771, 41.484768]}}, {"type": "Feature", "properties": {"name": "Cogent Columbus 2", "operator": "Cogent Communications, Inc.", "city": "Columbus", "state": "OH", "networks": 0}, "geometry": {"type": "Point", "coordinates": [-82.998627, 39.974016]}}, {"type": "Feature", "properties": {"name": "Galaxy Communications Corp (Ovnicom)", "operator": "Galaxy Communications", "city": "Ciudad de Panama", "state": "Panama", "networks": 0}, "geometry": {"type": "Point", "coordinates": [-79.509843, 8.980556]}}, {"type": "Feature", "properties": {"name": "CoreSite - Secaucus (NY3)", "operator": "CoreSite", "city": "Secaucus", "state": "NJ", "networks": 1}, "geometry": {"type": "Point", "coordinates": [-74.064895, 40.784289]}}, {"type": "Feature", "properties": {"name": "Enovum Data Centers - MTL02", "operator": "Enovum Datacenters", "city": "Pointe-Claire", "state": "Quebec", "networks": 1}, "geometry": {"type": "Point", "coordinates": [-73.832222, 45.459429]}}, {"type": "Feature", "properties": {"name": "QTS Atlanta-Fayetteville (ATL2)", "operator": "QTS Realty Trust, Inc.", "city": "Fayetteville", "state": "GA", "networks": 0}, "geometry": {"type": "Point", "coordinates": [-84.522289, 33.448789]}}, {"type": "Feature", "properties": {"name": "QTS Charlotte (CTL1)", "operator": "QTS Realty Trust, Inc.", "city": "York", "state": "South Carolina", "networks": 0}, "geometry": {"type": "Point", "coordinates": [-81.104511, 35.035376]}}, {"type": "Feature", "properties": {"name": "QTS Richmond - (RIC5)", "operator": "QTS Realty Trust, Inc.", "city": "Sandston", "state": "VA", "networks": 0}, "geometry": {"type": "Point", "coordinates": [-77.260573, 37.502016]}}, {"type": "Feature", "properties": {"name": "Databank Orangeburg (LGA3)", "operator": "DataBank, Ltd.", "city": "Orangeburg", "state": "NY", "networks": 2}, "geometry": {"type": "Point", "coordinates": [-73.989975, 41.040063]}}, {"type": "Feature", "properties": {"name": "Databank Denver (DEN5)", "operator": "DataBank, Ltd.", "city": "Centennial", "state": "CO", "networks": 0}, "geometry": {"type": "Point", "coordinates": [-104.846655, 39.590123]}}, {"type": "Feature", "properties": {"name": "Databank Houston West (HOU3)", "operator": "DataBank, Ltd.", "city": "Houston", "state": "TX", "networks": 1}, "geometry": {"type": "Point", "coordinates": [-95.560354, 29.84406]}}, {"type": "Feature", "properties": {"name": "Rochester Colo", "operator": "Rochester Colo LLC", "city": "Pittsford", "state": "New York", "networks": 1}, "geometry": {"type": "Point", "coordinates": [-77.466584, 43.049271]}}, {"type": "Feature", "properties": {"name": "AceHost Durham", "operator": "AceHost", "city": "Durham", "state": "North Carolina", "networks": 0}, "geometry": {"type": "Point", "coordinates": [-78.849173, 35.895741]}}, {"type": "Feature", "properties": {"name": "QTD2 - 60 Hudson Street 1602", "operator": "QTD Systems", "city": "New York", "state": "NY", "networks": 2}, "geometry": {"type": "Point", "coordinates": [-74.008306, 40.717729]}}, {"type": "Feature", "properties": {"name": "QTD1 - 60 Hudson Street 1510", "operator": "QTD Systems", "city": "New York", "state": "NY", "networks": 4}, "geometry": {"type": "Point", "coordinates": [-74.008306, 40.717729]}}, {"type": "Feature", "properties": {"name": "QTD3 - 60 Hudson Street 1901", "operator": "QTD Systems", "city": "New York", "state": "NY", "networks": 2}, "geometry": {"type": "Point", "coordinates": [-74.008306, 40.717729]}}, {"type": "Feature", "properties": {"name": "Cogent Fairfax", "operator": "Cogent Communications, Inc.", "city": "Fairfax", "state": "South Carolina", "networks": 1}, "geometry": {"type": "Point", "coordinates": [-81.236142, 32.963731]}}, {"type": "Feature", "properties": {"name": "Bleeding Edge QRO1", "operator": "Bleeding Edge", "city": "El Marqu\u00e9s", "state": "Queretaro", "networks": 1}, "geometry": {"type": "Point", "coordinates": [-100.245318, 20.530547]}}, {"type": "Feature", "properties": {"name": "CyberLynk MKE1", "operator": "Wisconsin CyberLynk Network, Inc.", "city": "Franklin", "state": "Wisconsin", "networks": 1}, "geometry": {"type": "Point", "coordinates": [-87.982826, 42.86183]}}, {"type": "Feature", "properties": {"name": "Quad State Internet METRO1 Colocation", "operator": "Quad State Internet LLC", "city": "Metropolis", "state": "IL", "networks": 1}, "geometry": {"type": "Point", "coordinates": [-88.732324, 37.151821]}}, {"type": "Feature", "properties": {"name": "Hub Express System", "operator": "TOWARDEX Technologies International, Inc.", "city": "Somerville", "state": "MA", "networks": 9}, "geometry": {"type": "Point", "coordinates": [-71.080788, 42.375817]}}, {"type": "Feature", "properties": {"name": "Equinix NY3 - New York, Secaucus", "operator": "Equinix, Inc.", "city": "Secaucus", "state": "NJ", "networks": 1}, "geometry": {"type": "Point", "coordinates": [-74.068019, 40.775204]}}, {"type": "Feature", "properties": {"name": "Patmos KC2", "operator": "Patmos Hosting, INC", "city": "Kansas City", "state": "MO", "networks": 0}, "geometry": {"type": "Point", "coordinates": [-94.579376, 39.094739]}}, {"type": "Feature", "properties": {"name": "1GServers Data Center", "operator": "1GServers, LLC", "city": "Phoenix", "state": "AZ", "networks": 4}, "geometry": {"type": "Point", "coordinates": [-112.000223, 33.396473]}}, {"type": "Feature", "properties": {"name": "Ligonier CO", "operator": "Ligtel Communications, Inc.", "city": "Ligonier", "state": "Indiana", "networks": 0}, "geometry": {"type": "Point", "coordinates": [-85.587923, 41.462171]}}, {"type": "Feature", "properties": {"name": "Lagrange CO", "operator": "Ligtel Communications, Inc.", "city": "Lagrange", "state": "IN", "networks": 0}, "geometry": {"type": "Point", "coordinates": [-85.426453, 41.640794]}}, {"type": "Feature", "properties": {"name": "Provisiondata", "operator": "Provision Data Systems Inc.", "city": "Kelowna", "state": "British Columbia", "networks": 0}, "geometry": {"type": "Point", "coordinates": [-119.461626, 49.881534]}}, {"type": "Feature", "properties": {"name": "MCTX1", "operator": "1547 Critical Systems Realty", "city": "McAllen", "state": "TX", "networks": 0}, "geometry": {"type": "Point", "coordinates": [-98.231633, 26.201918]}}, {"type": "Feature", "properties": {"name": "Omega CT1", "operator": "Omega Systems Consultants, LLC", "city": "Stamford", "state": "CT", "networks": 0}, "geometry": {"type": "Point", "coordinates": [-73.516758, 41.091604]}}, {"type": "Feature", "properties": {"name": "Omega PA1", "operator": "Omega Systems Consultants, LLC", "city": "Reading", "state": "PA", "networks": 0}, "geometry": {"type": "Point", "coordinates": [-76.005374, 40.341233]}}, {"type": "Feature", "properties": {"name": "Rochelle Technology Center", "operator": "Rochelle Municipal Utilities", "city": "Rochelle", "state": "IL", "networks": 1}, "geometry": {"type": "Point", "coordinates": [-89.033813, 41.940574]}}, {"type": "Feature", "properties": {"name": "Cologix CGY1", "operator": "Cologix, Inc.", "city": "Calgary", "state": "Alberta", "networks": 3}, "geometry": {"type": "Point", "coordinates": [-114.080824, 51.047276]}}, {"type": "Feature", "properties": {"name": "Lifeline Ft Wayne", "operator": "Lifeline Data Centers", "city": "Ft Wayne", "state": "IN", "networks": 3}, "geometry": {"type": "Point", "coordinates": [-85.109976, 41.014028]}}, {"type": "Feature", "properties": {"name": "Cogent Mississauga 2", "operator": "Cogent Communications, Inc.", "city": "Mississauga", "state": "ON", "networks": 0}, "geometry": {"type": "Point", "coordinates": [-79.638106, 43.593716]}}, {"type": "Feature", "properties": {"name": "Qu Datacentres - Baseline", "operator": "Qu Datacentres", "city": "Ottawa", "state": "Ontario", "networks": 0}, "geometry": {"type": "Point", "coordinates": [-75.797212, 45.336188]}}, {"type": "Feature", "properties": {"name": "Servpac MTP DC", "operator": "Servpac Inc.", "city": "Mililani", "state": "HI", "networks": 2}, "geometry": {"type": "Point", "coordinates": [-158.019259, 21.480922]}}, {"type": "Feature", "properties": {"name": "Servpac Puahale DC", "operator": "Servpac Inc.", "city": "Honolulu", "state": "HI", "networks": 0}, "geometry": {"type": "Point", "coordinates": [-157.87825, 21.331917]}}, {"type": "Feature", "properties": {"name": "LCUB Data Center", "operator": "Lenoir City Utilities Board", "city": "Lenoir City", "state": "Tennessee", "networks": 0}, "geometry": {"type": "Point", "coordinates": [-84.265703, 35.840815]}}]}